continent,date,cases,deaths,Cumulative_number_for_14_days_of_COVID-19_cases_per_100000
Africa,12/31/2019,0.0,0.0,0.0
Africa,01/01/2020,0.0,0.0,0.0
Africa,01/02/2020,0.0,0.0,0.0
Africa,01/03/2020,0.0,0.0,0.0
Africa,01/04/2020,0.0,0.0,0.0
Africa,01/05/2020,0.0,0.0,0.0
Africa,01/06/2020,0.0,0.0,0.0
Africa,01/07/2020,0.0,0.0,0.0
Africa,01/08/2020,0.0,0.0,0.0
Africa,01/09/2020,0.0,0.0,0.0
Africa,01/10/2020,0.0,0.0,0.0
Africa,01/11/2020,0.0,0.0,0.0
Africa,01/12/2020,0.0,0.0,0.0
Africa,01/13/2020,0.0,0.0,0.0
Africa,01/14/2020,0.0,0.0,0.0
Africa,01/15/2020,0.0,0.0,0.0
Africa,01/16/2020,0.0,0.0,0.0
Africa,01/17/2020,0.0,0.0,0.0
Africa,01/18/2020,0.0,0.0,0.0
Africa,01/19/2020,0.0,0.0,0.0
Africa,01/20/2020,0.0,0.0,0.0
Africa,01/21/2020,0.0,0.0,0.0
Africa,01/22/2020,0.0,0.0,0.0
Africa,01/23/2020,0.0,0.0,0.0
Africa,01/24/2020,0.0,0.0,0.0
Africa,01/25/2020,0.0,0.0,0.0
Africa,01/26/2020,0.0,0.0,0.0
Africa,01/27/2020,0.0,0.0,0.0
Africa,01/28/2020,0.0,0.0,0.0
Africa,01/29/2020,0.0,0.0,0.0
Africa,01/30/2020,0.0,0.0,0.0
Africa,01/31/2020,0.0,0.0,0.0
Africa,02/01/2020,0.0,0.0,0.0
Africa,02/02/2020,0.0,0.0,0.0
Africa,02/03/2020,0.0,0.0,0.0
Africa,02/04/2020,0.0,0.0,0.0
Africa,02/05/2020,0.0,0.0,0.0
Africa,02/06/2020,0.0,0.0,0.0
Africa,02/07/2020,0.0,0.0,0.0
Africa,02/08/2020,0.0,0.0,0.0
Africa,02/09/2020,0.0,0.0,0.0
Africa,02/10/2020,0.0,0.0,0.0
Africa,02/11/2020,0.0,0.0,0.0
Africa,02/12/2020,0.0,0.0,0.0
Africa,02/13/2020,0.0,0.0,0.0
Africa,02/14/2020,0.0,0.0,0.0
Africa,02/15/2020,1.0,0.0,0.00099613
Africa,02/16/2020,0.0,0.0,0.00099613
Africa,02/17/2020,0.0,0.0,0.00099613
Africa,02/18/2020,0.0,0.0,0.00099613
Africa,02/19/2020,0.0,0.0,0.00099613
Africa,02/20/2020,0.0,0.0,0.00099613
Africa,02/21/2020,0.0,0.0,0.00099613
Africa,02/22/2020,0.0,0.0,0.00099613
Africa,02/23/2020,0.0,0.0,0.00099613
Africa,02/24/2020,0.0,0.0,0.00099613
Africa,02/25/2020,0.0,0.0,0.00099613
Africa,02/26/2020,1.0,0.0,0.00331885
Africa,02/27/2020,0.0,0.0,0.00331885
Africa,02/28/2020,1.0,0.0,0.00381645
Africa,02/29/2020,0.0,0.0,0.00282032
Africa,03/01/2020,2.0,0.0,0.00746575
Africa,03/02/2020,1.0,0.0,0.008461880000000001
Africa,03/03/2020,3.0,0.0,0.0
Africa,03/04/2020,2.0,0.0,0.01161358
Africa,03/05/2020,9.0,0.0,0.02787259
Africa,03/06/2020,9.0,0.0,0.04147844
Africa,03/07/2020,14.0,0.0,0.01394588
Africa,03/08/2020,1.0,0.0,0.0
Africa,03/09/2020,39.0,1.0,0.09426875
Africa,03/10/2020,12.0,0.0,0.05478646
Africa,03/11/2020,10.0,0.0,0.05777579
Africa,03/12/2020,13.0,1.0,0.10522623
Africa,03/13/2020,41.0,2.0,0.1367625
Africa,03/14/2020,43.0,1.0,0.15203496
Africa,03/15/2020,37.0,1.0,0.17858004
Africa,03/16/2020,85.0,2.0,0.21874147
Africa,03/17/2020,78.0,0.0,0.25790678
Africa,03/18/2020,92.0,4.0,0.30289518000000004
Africa,03/19/2020,139.0,4.0,0.36313980999999995
Africa,03/20/2020,111.0,1.0,0.413253
Africa,03/21/2020,231.0,7.0,0.8380207
Africa,03/22/2020,201.0,11.0,1.5123398900000002
Africa,03/23/2020,213.0,9.0,2.52168008
Africa,03/24/2020,349.0,8.0,3.05369152
Africa,03/25/2020,465.0,12.0,3.73517907
Africa,03/26/2020,487.0,8.0,5.745651710000001
Africa,03/27/2020,588.0,12.0,8.07693152
Africa,03/28/2020,526.0,19.0,18.975560230000003
Africa,03/29/2020,320.0,21.0,17.87203483
Africa,03/30/2020,505.0,19.0,19.41971048
Africa,03/31/2020,508.0,23.0,21.838809399999995
Africa,04/01/2020,489.0,23.0,26.96381123
Africa,04/02/2020,622.0,35.0,38.63901917
Africa,04/03/2020,635.0,32.0,43.80138906
Africa,04/04/2020,625.0,49.0,45.17928536999999
Africa,04/05/2020,932.0,74.0,49.07037748999999
Africa,04/06/2020,735.0,55.0,52.732067820000005
Africa,04/07/2020,627.0,43.0,57.58003507999999
Africa,04/08/2020,722.0,45.0,63.15127891999999
Africa,04/09/2020,922.0,51.0,66.92786562
Africa,04/10/2020,834.0,57.0,68.80205169000001
Africa,04/11/2020,672.0,61.0,69.59309284999999
Africa,04/12/2020,714.0,52.0,74.48427167000001
Africa,04/13/2020,856.0,46.0,77.01486723000001
Africa,04/14/2020,769.0,46.0,82.97971818
Africa,04/15/2020,990.0,41.0,91.46312737999995
Africa,04/16/2020,962.0,35.0,108.14117923999997
Africa,04/17/2020,1086.0,54.0,123.30299328000001
Africa,04/18/2020,1568.0,51.0,141.91809748000006
Africa,04/19/2020,1160.0,41.0,140.00566926000002
Africa,04/20/2020,1246.0,63.0,151.21279345
Africa,04/21/2020,964.0,35.0,148.44369396
Africa,04/22/2020,1350.0,34.0,158.69505651
Africa,04/23/2020,1069.0,43.0,161.99031836999998
Africa,04/24/2020,1535.0,54.0,163.41075010000003
Africa,04/25/2020,1854.0,48.0,177.58997963999997
Africa,04/26/2020,1241.0,44.0,175.84015274999993
Africa,04/27/2020,1432.0,37.0,183.49032794999994
Africa,04/28/2020,1414.0,55.0,181.66599669999997
Africa,04/29/2020,1770.0,54.0,185.55999867000006
Africa,04/30/2020,1803.0,67.0,176.00547734999998
Africa,05/01/2020,2115.0,44.0,173.31695523999997
Africa,05/02/2020,1907.0,55.0,163.08606509
Africa,05/03/2020,2019.0,70.0,173.36440577999997
Africa,05/04/2020,1659.0,39.0,164.46065434000008
Africa,05/05/2020,2687.0,46.0,249.87826125
Africa,05/06/2020,2086.0,69.0,255.69732438
Africa,05/07/2020,2469.0,97.0,255.79860358999997
Africa,05/08/2020,2429.0,67.0,275.7712236100001
Africa,05/09/2020,3730.0,77.0,289.39208425
Africa,05/10/2020,2801.0,68.0,301.80287446
Africa,05/11/2020,2754.0,67.0,304.51384652
Africa,05/12/2020,3119.0,57.0,318.85646563999995
Africa,05/13/2020,2994.0,56.0,325.28442637
Africa,05/14/2020,3029.0,87.0,347.83334274000015
Africa,05/15/2020,3146.0,73.0,363.28843493000005
Africa,05/16/2020,2753.0,71.0,369.1140887800001
Africa,05/17/2020,3003.0,65.0,373.00757586000003
Africa,05/18/2020,3381.0,60.0,384.1399136800001
Africa,05/19/2020,3269.0,72.0,332.7045270900001
Africa,05/20/2020,3280.0,72.0,343.8087718500001
Africa,05/21/2020,3620.0,89.0,379.58802964
Africa,05/22/2020,4870.0,108.0,392.94702214999995
Africa,05/23/2020,3857.0,83.0,407.47792963999996
Africa,05/24/2020,4439.0,74.0,444.26909507
Africa,05/25/2020,3758.0,82.0,448.6125602200001
Africa,05/26/2020,3855.0,139.0,466.90577878999994
Africa,05/27/2020,3917.0,112.0,525.60500168
Africa,05/28/2020,4851.0,101.0,533.3759094799998
Africa,05/29/2020,4749.0,98.0,548.5023455799999
Africa,05/30/2020,5868.0,134.0,569.0308883700003
Africa,05/31/2020,6473.0,148.0,629.5982188500002
Africa,06/01/2020,5374.0,151.0,647.3557566700002
Africa,06/02/2020,5489.0,122.0,649.1462735800002
Africa,06/03/2020,4965.0,151.0,664.1870276799999
Africa,06/04/2020,4725.0,88.0,649.4672759000001
Africa,06/05/2020,7648.0,160.0,657.1083366699999
Africa,06/06/2020,7386.0,161.0,659.7968747399999
Africa,06/07/2020,6418.0,129.0,631.3084841299999
Africa,06/08/2020,5971.0,138.0,630.7745398800001
Africa,06/09/2020,6972.0,175.0,627.7421737400003
Africa,06/10/2020,6572.0,171.0,581.09138849
Africa,06/11/2020,6481.0,154.0,625.8513001799998
Africa,06/12/2020,7247.0,173.0,617.1257035299998
Africa,06/13/2020,8620.0,256.0,621.7675915299998
Africa,06/14/2020,8333.0,197.0,578.9108340699999
Africa,06/15/2020,9302.0,226.0,578.8228095699999
Africa,06/16/2020,8152.0,237.0,592.26657805
Africa,06/17/2020,7460.0,238.0,587.2453709299999
Africa,06/18/2020,8505.0,199.0,591.8300126399997
Africa,06/19/2020,8379.0,204.0,584.88613214
Africa,06/20/2020,10027.0,287.0,600.31557062
Africa,06/21/2020,10905.0,232.0,623.5807396599998
Africa,06/22/2020,9514.0,191.0,631.8921700799999
Africa,06/23/2020,9194.0,218.0,671.6094815299999
Africa,06/24/2020,9131.0,284.0,678.0565182800001
Africa,06/25/2020,10724.0,235.0,631.7105968300002
Africa,06/26/2020,12663.0,221.0,643.2054035599998
Africa,06/27/2020,11299.0,207.0,639.3143692799999
Africa,06/28/2020,12370.0,204.0,683.07580628
Africa,06/29/2020,11282.0,180.0,690.1066879700002
Africa,06/30/2020,10714.0,218.0,679.6280710100001
Africa,07/01/2020,11632.0,269.0,715.4835033000002
Africa,07/02/2020,13238.0,253.0,741.0434387600001
Africa,07/03/2020,14386.0,244.0,822.75974649
Africa,07/04/2020,14812.0,234.0,837.11817958
Africa,07/05/2020,15909.0,201.0,839.93461931
Africa,07/06/2020,14650.0,293.0,860.65671981
Africa,07/07/2020,14699.0,258.0,901.55936208
Africa,07/08/2020,16233.0,358.0,918.7583447999998
Africa,07/09/2020,14543.0,247.0,951.1497465000001
Africa,07/10/2020,18766.0,226.0,965.3292913499997
Africa,07/11/2020,17554.0,307.0,981.4971169099996
Africa,07/12/2020,18694.0,221.0,957.6743000300002
Africa,07/13/2020,17001.0,255.0,983.7745349200002
Africa,07/14/2020,16245.0,217.0,1033.85799623
Africa,07/15/2020,14920.0,339.0,1007.9132068800002
Africa,07/16/2020,18174.0,244.0,1010.74037692
Africa,07/17/2020,19773.0,345.0,957.88782125
Africa,07/18/2020,19293.0,280.0,954.0439839600002
Africa,07/19/2020,19149.0,275.0,972.12799158
Africa,07/20/2020,18764.0,204.0,983.3159492800003
Africa,07/21/2020,15497.0,270.0,930.34480305
Africa,07/22/2020,12997.0,314.0,919.4499975400001
Africa,07/23/2020,19574.0,698.0,912.0909045000003
Africa,07/24/2020,19898.0,275.0,923.97357005
Africa,07/25/2020,20650.0,381.0,997.4134891399999
Africa,07/26/2020,18379.0,411.0,1003.3931297800002
Africa,07/27/2020,18804.0,267.0,994.3635714700004
Africa,07/28/2020,13171.0,409.0,967.8787941400001
Africa,07/29/2020,13142.0,310.0,960.4981040900001
Africa,07/30/2020,18125.0,374.0,974.9862319600002
Africa,07/31/2020,17619.0,454.0,958.0044587999998
Africa,08/01/2020,17186.0,333.0,947.62356203
Africa,08/02/2020,18914.0,312.0,1076.8369400000001
Africa,08/03/2020,11995.0,315.0,1071.9216125400003
Africa,08/04/2020,11366.0,349.0,1065.88743571
Africa,08/05/2020,9548.0,469.0,1077.2714391600002
Africa,08/06/2020,15661.0,542.0,1088.6595026400005
Africa,08/07/2020,14678.0,449.0,1079.59999028
Africa,08/08/2020,13318.0,421.0,1019.6150822300001
Africa,08/09/2020,13866.0,412.0,1010.22883549
Africa,08/10/2020,12554.0,347.0,1003.5567356099999
Africa,08/11/2020,8828.0,330.0,987.6948109100005
Africa,08/12/2020,7895.0,268.0,995.3399338000002
Africa,08/13/2020,9529.0,426.0,985.01543009
Africa,08/14/2020,10580.0,400.0,1001.9438865299999
Africa,08/15/2020,12689.0,422.0,1008.3399824600001
Africa,08/16/2020,11639.0,235.0,861.6319948399998
Africa,08/17/2020,9598.0,292.0,861.2048121500001
Africa,08/18/2020,9017.0,263.0,855.3170735499997
Africa,08/19/2020,7848.0,397.0,842.9742653
Africa,08/20/2020,11420.0,339.0,850.9193815799998
Africa,08/21/2020,10749.0,339.0,842.50525313
Africa,08/22/2020,10122.0,349.0,830.2657941999998
Africa,08/23/2020,10008.0,267.0,834.49422444
Africa,08/24/2020,9444.0,170.0,831.4890205099998
Africa,08/25/2020,7765.0,243.0,841.3928597600001
Africa,08/26/2020,7877.0,288.0,838.2634801399998
Africa,08/27/2020,8870.0,321.0,829.6173083099999
Africa,08/28/2020,8513.0,253.0,813.03333155
Africa,08/29/2020,7962.0,231.0,788.5889874400003
Africa,08/30/2020,8631.0,331.0,785.19401221
Africa,08/31/2020,8380.0,161.0,785.93623866
Africa,09/01/2020,6881.0,225.0,775.5145223599995
Africa,09/02/2020,7519.0,243.0,794.51925806
Africa,09/03/2020,8247.0,239.0,764.9440708199999
Africa,09/04/2020,7716.0,302.0,766.2441245000001
Africa,09/05/2020,8359.0,231.0,785.2045733699999
Africa,09/06/2020,7206.0,213.0,780.65432647
Africa,09/07/2020,8030.0,244.0,780.1003534400003
Africa,09/08/2020,7217.0,214.0,774.80574346
Africa,09/09/2020,7253.0,213.0,771.9217279500001
Africa,09/10/2020,8516.0,195.0,767.4753854500002
Africa,09/11/2020,7969.0,214.0,775.4945765299999
Africa,09/12/2020,8708.0,234.0,802.1245650800003
Africa,09/13/2020,7547.0,149.0,800.2099586499997
Africa,09/14/2020,6674.0,119.0,792.70247471
Africa,09/15/2020,6339.0,169.0,800.0271935200002
Africa,09/16/2020,6518.0,267.0,779.0182665899998
Africa,09/17/2020,7490.0,190.0,778.92722882
Africa,09/18/2020,8751.0,184.0,785.55923778
Africa,09/19/2020,8116.0,193.0,762.3976357399999
Africa,09/20/2020,9368.0,208.0,767.8897015200006
Africa,09/21/2020,7831.0,119.0,770.8795431699999
Africa,09/22/2020,6156.0,138.0,754.4070735900001
Africa,09/23/2020,6779.0,238.0,741.97516078
Africa,09/24/2020,8536.0,203.0,751.7906965799999
Africa,09/25/2020,8275.0,174.0,757.9014207000001
Africa,09/26/2020,7946.0,152.0,756.6149530800002
Africa,09/27/2020,7322.0,185.0,757.76158386
Africa,09/28/2020,7582.0,119.0,757.8881028899999
Africa,09/29/2020,5848.0,299.0,757.16322789
Africa,09/30/2020,7437.0,215.0,767.2525329100002
Africa,10/01/2020,8390.0,188.0,776.6790629599999
Africa,10/02/2020,7098.0,225.0,763.77065065
Africa,10/03/2020,8852.0,138.0,771.5281571500001
Africa,10/04/2020,8964.0,111.0,771.8643854199996
Africa,10/05/2020,9281.0,172.0,780.71848691
Africa,10/06/2020,4578.0,124.0,778.8865746
Africa,10/07/2020,6729.0,192.0,794.6201510999999
Africa,10/08/2020,10504.0,270.0,803.44483719
Africa,10/09/2020,9758.0,249.0,851.7564433299998
Africa,10/10/2020,11220.0,280.0,857.4228293900001
Africa,10/11/2020,11839.0,269.0,881.0065778199998
Africa,10/12/2020,7776.0,184.0,898.9809484399999
Africa,10/13/2020,6333.0,141.0,918.2077124
Africa,10/14/2020,9107.0,354.0,927.8504235200002
Africa,10/15/2020,11383.0,260.0,944.40075247
Africa,10/16/2020,8693.0,267.0,948.8177486000001
Africa,10/17/2020,9586.0,194.0,949.5796410200003
Africa,10/18/2020,14155.0,263.0,986.0002699999999
Africa,10/19/2020,8295.0,187.0,978.2019789800001
Africa,10/20/2020,9618.0,190.0,1019.57178816
Africa,10/21/2020,9724.0,285.0,1040.9040139700003
Africa,10/22/2020,10534.0,279.0,1043.98083373
Africa,10/23/2020,10961.0,196.0,1001.39154169
Africa,10/24/2020,10409.0,224.0,988.7547354700001
Africa,10/25/2020,11864.0,226.0,995.6476251699997
Africa,10/26/2020,8931.0,118.0,987.3477334999999
Africa,10/27/2020,10808.0,346.0,1004.8443292200001
Africa,10/28/2020,8671.0,183.0,983.5019480399999
Africa,10/29/2020,11949.0,343.0,976.1748599599997
Africa,10/30/2020,14758.0,306.0,1008.2014944099999
Africa,10/31/2020,11506.0,251.0,1028.36223861
Africa,11/01/2020,10580.0,204.0,994.8743544999999
Africa,11/02/2020,9573.0,310.0,994.9578758099999
Africa,11/03/2020,6846.0,181.0,955.3856396899997
Africa,11/04/2020,11048.0,327.0,949.9656685799999
Africa,11/05/2020,14179.0,223.0,951.7618434000003
Africa,11/06/2020,15255.0,306.0,1009.5159422900002
Africa,11/07/2020,11959.0,230.0,1006.2330001199995
Africa,11/08/2020,14972.0,376.0,1006.0880623099998
Africa,11/09/2020,12552.0,510.0,1017.7763439300003
Africa,11/10/2020,8581.0,250.0,978.6726007900002
Africa,11/11/2020,13110.0,342.0,1008.1681530699997
Africa,11/12/2020,12847.0,305.0,1003.8492269599998
Africa,11/13/2020,17167.0,294.0,1023.7152597799999
Africa,11/14/2020,14266.0,283.0,1009.5621519000001
Africa,11/15/2020,13401.0,254.0,1004.41267381
Africa,11/16/2020,13350.0,277.0,1011.9640748899999
Africa,11/17/2020,9992.0,267.0,1056.7674866000002
Africa,11/18/2020,13290.0,402.0,1065.7810390699997
Africa,11/19/2020,15091.0,389.0,1053.4897728699998
Africa,11/20/2020,14012.0,344.0,1000.76062722
Africa,11/21/2020,15679.0,350.0,1031.0344110499998
Africa,11/22/2020,13574.0,293.0,1017.4611306500001
Africa,11/23/2020,8797.0,250.0,1000.6814832900002
Africa,11/24/2020,13238.0,331.0,1006.09377187
Africa,11/25/2020,13101.0,339.0,1019.4999845900002
Africa,11/26/2020,14451.0,304.0,1030.6800159
Africa,11/27/2020,13312.0,297.0,985.67401245
Africa,11/28/2020,16521.0,336.0,990.48716076
Africa,11/29/2020,13324.0,221.0,981.5816903099998
Africa,11/30/2020,13500.0,243.0,978.7471436500001
Africa,12/01/2020,9864.0,266.0,942.7361023400002
Africa,12/02/2020,12704.0,326.0,974.5794301800001
Africa,12/03/2020,15408.0,258.0,983.1853912200002
Africa,12/04/2020,13893.0,268.0,957.8583842099999
Africa,12/05/2020,17358.0,428.0,954.6847537399999
Africa,12/06/2020,16702.0,287.0,1009.4136121800001
Africa,12/07/2020,13068.0,300.0,1015.69708051
Africa,12/08/2020,10780.0,251.0,1021.9878132000001
Africa,12/09/2020,14316.0,414.0,1028.43982387
Africa,12/10/2020,18892.0,343.0,1042.4065718600002
Africa,12/11/2020,19111.0,399.0,1062.3445654000002
Africa,12/12/2020,18909.0,380.0,1095.5839128700002
Africa,12/13/2020,18517.0,341.0,1128.4918929499997
Africa,12/14/2020,16142.0,347.0,1144.5238449400001
America,12/31/2019,0.0,0.0,0.0
America,01/01/2020,0.0,0.0,0.0
America,01/02/2020,0.0,0.0,0.0
America,01/03/2020,0.0,0.0,0.0
America,01/04/2020,0.0,0.0,0.0
America,01/05/2020,0.0,0.0,0.0
America,01/06/2020,0.0,0.0,0.0
America,01/07/2020,0.0,0.0,0.0
America,01/08/2020,0.0,0.0,0.0
America,01/09/2020,0.0,0.0,0.0
America,01/10/2020,0.0,0.0,0.0
America,01/11/2020,0.0,0.0,0.0
America,01/12/2020,0.0,0.0,0.0
America,01/13/2020,0.0,0.0,0.0
America,01/14/2020,1.0,0.0,0.00078385
America,01/15/2020,0.0,0.0,0.00078385
America,01/16/2020,0.0,0.0,0.00078385
America,01/17/2020,0.0,0.0,0.00078385
America,01/18/2020,0.0,0.0,0.00078385
America,01/19/2020,0.0,0.0,0.00078385
America,01/20/2020,0.0,0.0,0.00078385
America,01/21/2020,1.0,0.0,0.00108774
America,01/22/2020,0.0,0.0,0.00108774
America,01/23/2020,0.0,0.0,0.00108774
America,01/24/2020,0.0,0.0,0.00108774
America,01/25/2020,1.0,0.0,0.00139163
America,01/26/2020,1.0,0.0,0.00406464
America,01/27/2020,3.0,0.0,0.00497632
America,01/28/2020,1.0,0.0,0.00686548
America,01/29/2020,1.0,0.0,0.00953848
America,01/30/2020,1.0,0.0,0.010322330000000001
America,01/31/2020,1.0,0.0,0.01062622
America,02/01/2020,2.0,0.0,0.01360312
America,02/02/2020,1.0,0.0,0.013907010000000001
America,02/03/2020,3.0,0.0,0.01481869
America,02/04/2020,0.0,0.0,0.014514790000000001
America,02/05/2020,1.0,0.0,0.0171878
America,02/06/2020,1.0,0.0,0.0174917
America,02/07/2020,2.0,0.0,0.02283772
America,02/08/2020,0.0,0.0,0.02253382
America,02/09/2020,0.0,0.0,0.01986081
America,02/10/2020,0.0,0.0,0.01894914
America,02/11/2020,2.0,0.0,0.01736387
America,02/12/2020,0.0,0.0,0.01469086
America,02/13/2020,1.0,0.0,0.0142109
America,02/14/2020,1.0,0.0,0.0142109
America,02/15/2020,1.0,0.0,0.013907010000000001
America,02/16/2020,0.0,0.0,0.01360312
America,02/17/2020,0.0,0.0,0.01269145
America,02/18/2020,0.0,0.0,0.01269145
America,02/19/2020,0.0,0.0,0.01001844
America,02/20/2020,0.0,0.0,0.00971454
America,02/21/2020,2.0,0.0,0.00734544
America,02/22/2020,19.0,0.0,0.013119369999999998
America,02/23/2020,1.0,0.0,0.013903219999999999
America,02/24/2020,0.0,0.0,0.013903219999999999
America,02/25/2020,22.0,0.0,0.025199239999999998
America,02/26/2020,1.0,0.0,0.025673059999999998
America,02/27/2020,7.0,0.0,0.02986552
America,02/28/2020,8.0,0.0,0.03913079
America,02/29/2020,11.0,0.0,0.04597868
America,03/01/2020,10.0,1.0,0.0645959
America,03/02/2020,30.0,1.0,0.11945685
America,03/03/2020,20.0,4.0,0.12895815
America,03/04/2020,30.0,3.0,0.10572345
America,03/05/2020,46.0,2.0,0.18445857999999998
America,03/06/2020,98.0,1.0,0.25725006
America,03/07/2020,127.0,2.0,0.24558974
America,03/08/2020,104.0,4.0,0.27187369
America,03/09/2020,161.0,4.0,0.41141262
America,03/10/2020,233.0,6.0,0.55378525
America,03/11/2020,336.0,3.0,0.6562731100000001
America,03/12/2020,386.0,2.0,0.69835095
America,03/13/2020,492.0,11.0,0.9227963100000001
America,03/14/2020,704.0,9.0,1.46271841
America,03/15/2020,1004.0,11.0,1.9466147900000002
America,03/16/2020,1098.0,13.0,2.4577811400000003
America,03/17/2020,1329.0,19.0,3.22610464
America,03/18/2020,2276.0,28.0,5.60197977
America,03/19/2020,3625.0,49.0,7.57063746
America,03/20/2020,5712.0,6.0,10.6026118
America,03/21/2020,6461.0,129.0,17.737566530000002
America,03/22/2020,8348.0,100.0,23.14250861
America,03/23/2020,9745.0,149.0,36.83426735
America,03/24/2020,12580.0,143.0,44.96929351
America,03/25/2020,10329.0,246.0,54.10455791
America,03/26/2020,16831.0,281.0,74.76375276
America,03/27/2020,18956.0,292.0,88.24246826000001
America,03/28/2020,21199.0,478.0,113.55267398999999
America,03/29/2020,22467.0,546.0,130.12120615
America,03/30/2020,20818.0,389.0,147.69833017000002
America,03/31/2020,24445.0,755.0,177.95095824
America,04/01/2020,28876.0,1011.0,198.68530388000002
America,04/02/2020,31511.0,1216.0,336.91611608
America,04/03/2020,33266.0,1045.0,364.00500779000004
America,04/04/2020,36684.0,1287.0,486.66248026
America,04/05/2020,38511.0,1566.0,603.9351333
America,04/06/2020,29865.0,1325.0,633.58345245
America,04/07/2020,34466.0,1541.0,715.87675662
America,04/08/2020,35696.0,2184.0,831.2304886100001
America,04/09/2020,40800.0,2220.0,922.63618307
America,04/10/2020,40637.0,2227.0,957.7386850600001
America,04/11/2020,43579.0,2406.0,897.18120176
America,04/12/2020,33570.0,2111.0,906.6821016999999
America,04/13/2020,32508.0,1795.0,952.47704396
America,04/14/2020,29461.0,1793.0,918.2040458599998
America,04/15/2020,34965.0,2894.0,918.7927376399996
America,04/16/2020,38123.0,5380.0,938.5334534700003
America,04/17/2020,39247.0,2804.0,1234.3374155699998
America,04/18/2020,39750.0,4259.0,1185.88839042
America,04/19/2020,40898.0,2467.0,1175.2797156400002
America,04/20/2020,31943.0,2151.0,1155.0005511699999
America,04/21/2020,36221.0,2236.0,1158.1481278500003
America,04/22/2020,45581.0,3081.0,1076.0693772300003
America,04/23/2020,26665.0,2264.0,1024.46437591
America,04/24/2020,37049.0,3967.0,965.5140198199999
America,04/25/2020,30537.0,1843.0,943.5729663600002
America,04/26/2020,62102.0,2903.0,979.0320579600002
America,04/27/2020,47968.0,2089.0,1016.39218593
America,04/28/2020,33670.0,2117.0,1025.9121360499998
America,04/29/2020,38070.0,3216.0,853.9954619000002
America,04/30/2020,41714.0,3506.0,815.0874458699999
America,05/01/2020,46273.0,2987.0,827.1193551399999
America,05/02/2020,50738.0,3106.0,849.53233369
America,05/03/2020,43725.0,2451.0,855.9026475999997
America,05/04/2020,41664.0,2125.0,866.4305819199997
America,05/05/2020,39059.0,1972.0,872.4728866300002
America,05/06/2020,40879.0,3334.0,834.8401458
America,05/07/2020,42146.0,3556.0,831.17195834
America,05/08/2020,49874.0,3480.0,854.2683439699998
America,05/09/2020,46351.0,2828.0,872.5278467200001
America,05/10/2020,45604.0,2830.0,836.8086250600002
America,05/11/2020,35752.0,2057.0,762.4557548800002
America,05/12/2020,32294.0,1933.0,763.25992442
America,05/13/2020,43259.0,3464.0,782.1873518499999
America,05/14/2020,45452.0,3113.0,782.5632513
America,05/15/2020,54245.0,3242.0,808.9371600500002
America,05/16/2020,55067.0,3337.0,822.7718057800002
America,05/17/2020,52095.0,2685.0,826.2341279100002
America,05/18/2020,38080.0,1771.0,820.9000536100001
America,05/19/2020,47941.0,1970.0,826.7508913800001
America,05/20/2020,53286.0,3411.0,881.1471444700002
America,05/21/2020,59963.0,3198.0,914.4665453100001
America,05/22/2020,60875.0,3284.0,934.1986968900002
America,05/23/2020,61335.0,3235.0,985.6980688599999
America,05/24/2020,52855.0,2620.0,1032.73317059
America,05/25/2020,51233.0,1767.0,1068.87473572
America,05/26/2020,49470.0,2044.0,1121.6690326700004
America,05/27/2020,53981.0,2632.0,1162.5547045999997
America,05/28/2020,59876.0,3575.0,1204.1813055999999
America,05/29/2020,68489.0,3166.0,1234.98915304
America,05/30/2020,71958.0,3102.0,1263.5569509499999
America,05/31/2020,76859.0,2648.0,1310.7873473799993
America,06/01/2020,57084.0,1767.0,1356.76258939
America,06/02/2020,54444.0,1981.0,1415.9181477999998
America,06/03/2020,63397.0,3096.0,1394.1367350500002
America,06/04/2020,73106.0,4049.0,1443.03282297
America,06/05/2020,70967.0,3781.0,1483.9605165500002
America,06/06/2020,76235.0,3090.0,1487.84084448
America,06/07/2020,69275.0,2429.0,1508.1722227899995
America,06/08/2020,59887.0,2401.0,1528.9283396499995
America,06/09/2020,53935.0,1882.0,1531.2478205599996
America,06/10/2020,70713.0,3310.0,1538.9608017299997
America,06/11/2020,77084.0,3533.0,1570.9914149100005
America,06/12/2020,75460.0,3236.0,1584.5789127299997
America,06/13/2020,79667.0,3050.0,1640.0207776399996
America,06/14/2020,69407.0,2755.0,1661.0151967799995
America,06/15/2020,57970.0,1818.0,1676.8359862599998
America,06/16/2020,62667.0,1893.0,1665.9540574399998
America,06/17/2020,81650.0,3335.0,1716.4813361000004
America,06/18/2020,111912.0,3479.0,1875.27333537
America,06/19/2020,72752.0,3338.0,1882.6666263099999
America,06/20/2020,112668.0,3335.0,1935.4048687299996
America,06/21/2020,90957.0,2711.0,1964.9508429599994
America,06/22/2020,64221.0,2564.0,1988.98025866
America,06/23/2020,73451.0,2098.0,2000.65337553
America,06/24/2020,98335.0,3634.0,2024.01947199
America,06/25/2020,104664.0,3606.0,2089.29176093
America,06/26/2020,107436.0,5005.0,2118.9563955000003
America,06/27/2020,115845.0,3096.0,2108.04223531
America,06/28/2020,109030.0,2997.0,2139.05796185
America,06/29/2020,88849.0,1725.0,2203.90372573
America,06/30/2020,93140.0,2164.0,2277.15371704
America,07/01/2020,102705.0,3813.0,2298.2844445
America,07/02/2020,126279.0,3114.0,2178.8393735900004
America,07/03/2020,128921.0,3474.0,2232.19035338
America,07/04/2020,124911.0,3384.0,2248.3254846799996
America,07/05/2020,105193.0,2608.0,2256.83219321
America,07/06/2020,99194.0,1759.0,2301.6803017700004
America,07/07/2020,96515.0,2088.0,2365.23569091
America,07/08/2020,129870.0,4018.0,2397.6770604599997
America,07/09/2020,130998.0,3590.0,2412.2611312099993
America,07/10/2020,135868.0,3670.0,2441.9878484099995
America,07/11/2020,143695.0,3503.0,2558.8486333799997
America,07/12/2020,128167.0,3103.0,2586.41690777
America,07/13/2020,107713.0,1963.0,2591.11323507
America,07/14/2020,106944.0,2210.0,2610.2147897199993
America,07/15/2020,141315.0,3690.0,2649.2328464699995
America,07/16/2020,139783.0,3607.0,2703.6445765000003
America,07/17/2020,158247.0,3731.0,2769.4845527300004
America,07/18/2020,142288.0,4580.0,2832.4240164699995
America,07/19/2020,128361.0,3153.0,2920.1628419599997
America,07/20/2020,113774.0,2138.0,2973.03894337
America,07/21/2020,110963.0,2145.0,2995.4456573
America,07/22/2020,147946.0,4182.0,3050.7274494000003
America,07/23/2020,172314.0,3983.0,3080.9495244300006
America,07/24/2020,161299.0,7740.0,3160.9738360000006
America,07/25/2020,172457.0,4152.0,3196.7682675799992
America,07/26/2020,149869.0,3775.0,3275.907178
America,07/27/2020,117951.0,2180.0,3337.2123661999995
America,07/28/2020,111683.0,2775.0,3386.9752306099995
America,07/29/2020,139519.0,3989.0,3441.6015128099993
America,07/30/2020,183371.0,4602.0,3466.4782644199995
America,07/31/2020,168501.0,4191.0,3504.0815636200005
America,08/01/2020,161293.0,4156.0,3544.2546614600005
America,08/02/2020,144232.0,3861.0,3597.9818676599994
America,08/03/2020,108821.0,2089.0,3654.9611897199993
America,08/04/2020,97792.0,2270.0,3679.6964729600004
America,08/05/2020,146562.0,4430.0,3743.70403335
America,08/06/2020,153945.0,4702.0,3867.53271162
America,08/07/2020,158312.0,4919.0,4030.3480530600004
America,08/08/2020,153422.0,4115.0,4237.19133239
America,08/09/2020,144853.0,3569.0,4442.093025469999
America,08/10/2020,107305.0,2286.0,4526.989060620001
America,08/11/2020,108030.0,2765.0,4562.679405479999
America,08/12/2020,144804.0,4197.0,4841.621528720001
America,08/13/2020,157910.0,4556.0,5079.600733119999
America,08/14/2020,156969.0,7631.0,5319.37608006
America,08/15/2020,161367.0,4002.0,5477.61176945
America,08/16/2020,133793.0,3417.0,5711.42041536
America,08/17/2020,106332.0,2206.0,5767.67005837
America,08/18/2020,89149.0,2214.0,5831.97756696
America,08/19/2020,134009.0,4240.0,5889.81651196
America,08/20/2020,144202.0,4319.0,6085.76328746
America,08/21/2020,132138.0,3942.0,6068.628180540001
America,08/22/2020,123873.0,3774.0,6050.964268069999
America,08/23/2020,136275.0,3646.0,6049.527951239998
America,08/24/2020,94224.0,2044.0,6078.428722459999
America,08/25/2020,93881.0,2313.0,6117.918292509999
America,08/26/2020,127090.0,4199.0,6051.52890333
America,08/27/2020,131843.0,3936.0,6016.49784685
America,08/28/2020,137211.0,3725.0,5982.156029289999
America,08/29/2020,137844.0,3326.0,5953.98749881
America,08/30/2020,130236.0,3568.0,5914.60461716
America,08/31/2020,87006.0,1768.0,5817.741640550001
America,09/01/2020,114600.0,2130.0,5845.445180420002
America,09/02/2020,127774.0,4154.0,5857.083109970001
America,09/03/2020,129444.0,3858.0,5794.586329579999
America,09/04/2020,122248.0,3263.0,5764.176370970001
America,09/05/2020,146019.0,3505.0,5698.908249470001
America,09/06/2020,115479.0,3094.0,5633.385093589999
America,09/07/2020,70115.0,6926.0,5454.87341485
America,09/08/2020,64223.0,1532.0,5402.153623959999
America,09/09/2020,80162.0,2561.0,5359.717685230001
America,09/10/2020,111001.0,3704.0,5359.465420709999
America,09/11/2020,121846.0,3403.0,5251.08238753
America,09/12/2020,134262.0,3612.0,5196.74286502
America,09/13/2020,114625.0,2712.0,5122.089355420001
America,09/14/2020,85283.0,1639.0,5163.9701171
America,09/15/2020,85454.0,1724.0,5096.442523630002
America,09/16/2020,122491.0,3955.0,5069.292298600003
America,09/17/2020,101577.0,2881.0,5061.9537446099985
America,09/18/2020,121251.0,2768.0,5044.406520769999
America,09/19/2020,134017.0,3320.0,5031.2466675
America,09/20/2020,115082.0,2641.0,4973.36586128
America,09/21/2020,88209.0,1391.0,5117.2735170800015
America,09/22/2020,109384.0,2006.0,5230.589515560001
America,09/23/2020,110004.0,3385.0,5156.737708130002
America,09/24/2020,113718.0,3693.0,5125.2702284199995
America,09/25/2020,120766.0,3177.0,5137.813301950001
America,09/26/2020,131386.0,3071.0,5202.628431400001
America,09/27/2020,112081.0,2887.0,5055.6424201
America,09/28/2020,82579.0,1462.0,5007.165790240001
America,09/29/2020,83566.0,1596.0,5105.042108679999
America,09/30/2020,114059.0,3253.0,5138.6517653
America,10/01/2020,115386.0,3320.0,4999.485202570001
America,10/02/2020,120998.0,5986.0,4933.24365016
America,10/03/2020,127924.0,2956.0,4881.062028199999
America,10/04/2020,111204.0,2437.0,4856.69860375
America,10/05/2020,73231.0,1670.0,4748.30532539
America,10/06/2020,89235.0,1839.0,4620.818621989999
America,10/07/2020,126616.0,2801.0,4584.920892329998
America,10/08/2020,122709.0,2893.0,4479.04268408
America,10/09/2020,128852.0,6075.0,4421.840534579998
America,10/10/2020,130668.0,3105.0,4341.96669395
America,10/11/2020,116543.0,2070.0,4391.29651566
America,10/12/2020,86549.0,1364.0,4353.168960430001
America,10/13/2020,86517.0,1593.0,4265.079138149999
America,10/14/2020,100068.0,2382.0,4166.56180952
America,10/15/2020,125343.0,2982.0,4183.78773598
America,10/16/2020,131739.0,2818.0,4194.7200109
America,10/17/2020,140135.0,2987.0,4157.87592564
America,10/18/2020,117538.0,2368.0,4115.04260535
America,10/19/2020,90581.0,1265.0,4132.715607299999
America,10/20/2020,111039.0,1720.0,4117.06709772
America,10/21/2020,126033.0,2925.0,4105.9316001
America,10/22/2020,134502.0,3136.0,4125.09167195
America,10/23/2020,142348.0,2759.0,4097.325606289999
America,10/24/2020,163098.0,2748.0,4144.82877761
America,10/25/2020,151430.0,2504.0,4105.75298044
America,10/26/2020,107325.0,1425.0,4149.985917329998
America,10/27/2020,122084.0,1850.0,4141.77283192
America,10/28/2020,145162.0,3056.0,4108.4807657599995
America,10/29/2020,148901.0,2767.0,4043.3062931000004
America,10/30/2020,159001.0,2781.0,4075.0908921999994
America,10/31/2020,168863.0,2861.0,4082.3557063000003
America,11/01/2020,137950.0,2381.0,4132.76087307
America,11/02/2020,122885.0,1326.0,4094.7837922599997
America,11/03/2020,127560.0,1818.0,4161.5811360100015
America,11/04/2020,141388.0,2653.0,4181.94323985
America,11/05/2020,163312.0,3210.0,4139.9715995999995
America,11/06/2020,185980.0,3115.0,4133.11671125
America,11/07/2020,195968.0,2865.0,4078.0907110600015
America,11/08/2020,179060.0,2417.0,4098.70989139
America,11/09/2020,153743.0,1420.0,4114.15359016
America,11/10/2020,179789.0,1893.0,4097.90457279
America,11/11/2020,210745.0,2943.0,4239.7670779599985
America,11/12/2020,232233.0,4046.0,4277.449530659998
America,11/13/2020,230810.0,2890.0,4396.70584514
America,11/14/2020,256806.0,3678.0,4460.78968301
America,11/15/2020,242005.0,3531.0,4478.108856959998
America,11/16/2020,177041.0,1616.0,4564.62056383
America,11/17/2020,213704.0,2287.0,4558.98305206
America,11/18/2020,221192.0,3076.0,4620.52338842
America,11/19/2020,240138.0,3901.0,4694.396488310001
America,11/20/2020,261706.0,3911.0,4782.868041850001
America,11/21/2020,273839.0,3805.0,4880.1715749999985
America,11/22/2020,244742.0,3005.0,4962.087542210001
America,11/23/2020,213218.0,1904.0,5126.57368718
America,11/24/2020,225357.0,2062.0,5230.953708659999
America,11/25/2020,241100.0,4492.0,5204.2995187900015
America,11/26/2020,277712.0,4586.0,5295.38195304
America,11/27/2020,188688.0,3295.0,5256.053706769999
America,11/28/2020,279377.0,2704.0,5376.309594959999
America,11/29/2020,261560.0,3557.0,5470.651423910001
America,11/30/2020,196761.0,1891.0,5499.219765500001
America,12/01/2020,218356.0,2524.0,5590.390451799999
America,12/02/2020,271916.0,4800.0,5623.557836749999
America,12/03/2020,299768.0,5423.0,5770.794422020001
America,12/04/2020,313158.0,4553.0,6203.680632659999
America,12/05/2020,325436.0,4841.0,6310.977921439999
America,12/06/2020,301391.0,4077.0,6476.398498270001
America,12/07/2020,236855.0,2253.0,6503.031909499998
America,12/08/2020,252880.0,2808.0,6602.028523320001
America,12/09/2020,298869.0,4802.0,6720.676789199999
America,12/10/2020,325238.0,5429.0,6890.197178329999
America,12/11/2020,325486.0,5010.0,7125.000029729999
America,12/12/2020,339515.0,5385.0,7335.10364381
America,12/13/2020,304854.0,4291.0,7430.225229050001
America,12/14/2020,250922.0,2433.0,7566.71457258
Asia,12/31/2019,27.0,0.0,0.0
Asia,01/01/2020,0.0,0.0,0.0
Asia,01/02/2020,0.0,0.0,0.0
Asia,01/03/2020,17.0,0.0,0.0
Asia,01/04/2020,0.0,0.0,0.0
Asia,01/05/2020,15.0,0.0,0.0
Asia,01/06/2020,0.0,0.0,0.0
Asia,01/07/2020,0.0,0.0,0.0
Asia,01/08/2020,0.0,0.0,0.0
Asia,01/09/2020,0.0,0.0,0.0
Asia,01/10/2020,0.0,0.0,0.0
Asia,01/11/2020,0.0,1.0,0.0
Asia,01/12/2020,0.0,0.0,0.0
Asia,01/13/2020,1.0,0.0,0.00555124
Asia,01/14/2020,0.0,0.0,0.00366811
Asia,01/15/2020,1.0,1.0,0.00445638
Asia,01/16/2020,0.0,0.0,0.00445638
Asia,01/17/2020,5.0,0.0,0.00498595
Asia,01/18/2020,17.0,0.0,0.00617162
Asia,01/19/2020,136.0,1.0,0.01461083
Asia,01/20/2020,20.0,0.0,0.01788815
Asia,01/21/2020,152.0,3.0,0.03262603
Asia,01/22/2020,142.0,11.0,0.04526290000000001
Asia,01/23/2020,97.0,0.0,0.05202822000000001
Asia,01/24/2020,266.0,9.0,0.12659152999999998
Asia,01/25/2020,448.0,15.0,0.18008332999999996
Asia,01/26/2020,669.0,15.0,0.24956290999999997
Asia,01/27/2020,794.0,25.0,0.3279247599999999
Asia,01/28/2020,1765.0,25.0,0.49599068999999996
Asia,01/29/2020,1475.0,26.0,0.6478671699999999
Asia,01/30/2020,1752.0,38.0,0.8557655999999999
Asia,01/31/2020,1994.0,43.0,1.0624994600000002
Asia,02/01/2020,2110.0,46.0,1.2810527300000003
Asia,02/02/2020,2604.0,46.0,1.5089811200000003
Asia,02/03/2020,2814.0,57.0,1.70365315
Asia,02/04/2020,3240.0,65.0,1.9177435600000003
Asia,02/05/2020,3895.0,66.0,2.3064982199999995
Asia,02/06/2020,3739.0,72.0,2.6455339499999995
Asia,02/07/2020,3172.0,73.0,2.8571402900000002
Asia,02/08/2020,3433.0,86.0,3.1326205199999997
Asia,02/09/2020,2618.0,89.0,3.3758918999999996
Asia,02/10/2020,2981.0,97.0,3.5653665900000004
Asia,02/11/2020,2495.0,108.0,3.61864767
Asia,02/12/2020,2031.0,97.0,3.64332007
Asia,02/13/2020,15149.0,255.0,4.547313869999999
Asia,02/14/2020,4166.0,13.0,4.77047317
Asia,02/15/2020,2558.0,143.0,4.89680691
Asia,02/16/2020,2028.0,142.0,4.90163267
Asia,02/17/2020,2066.0,106.0,4.924604059999999
Asia,02/18/2020,1896.0,98.0,4.873852779999999
Asia,02/19/2020,1776.0,139.0,4.69823011
Asia,02/20/2020,453.0,114.0,4.522981219999999
Asia,02/21/2020,979.0,119.0,4.473307919999999
Asia,02/22/2020,1048.0,112.0,4.670429269999999
Asia,02/23/2020,945.0,102.0,5.0080556199999995
Asia,02/24/2020,413.0,155.0,5.248226659999999
Asia,02/25/2020,675.0,75.0,5.520647160000001
Asia,02/26/2020,756.0,58.0,7.422842620000001
Asia,02/27/2020,985.0,36.0,8.308536219999999
Asia,02/28/2020,920.0,52.0,9.477995549999997
Asia,02/29/2020,1525.0,58.0,11.611307409999998
Asia,03/01/2020,1401.0,48.0,13.146976049999997
Asia,03/02/2020,1326.0,59.0,15.43728348
Asia,03/03/2020,1273.0,50.0,14.167023960000002
Asia,03/04/2020,1514.0,52.0,17.863532149999998
Asia,03/05/2020,1253.0,49.0,19.60276814
Asia,03/06/2020,1348.0,54.0,23.082845090000003
Asia,03/07/2020,1959.0,47.0,24.19009959
Asia,03/08/2020,1622.0,54.0,27.9469563
Asia,03/09/2020,1164.0,78.0,30.633673250000005
Asia,03/10/2020,913.0,65.0,33.83983430000001
Asia,03/11/2020,1335.0,86.0,36.439856209999995
Asia,03/12/2020,1623.0,88.0,46.87918808
Asia,03/13/2020,1369.0,88.0,38.77902306
Asia,03/14/2020,1813.0,116.0,52.54459986
Asia,03/15/2020,1791.0,111.0,56.287775329999995
Asia,03/16/2020,1928.0,135.0,60.16249534
Asia,03/17/2020,1757.0,150.0,62.732704870000006
Asia,03/18/2020,1865.0,162.0,66.4832885
Asia,03/19/2020,1965.0,166.0,70.4357896
Asia,03/20/2020,2214.0,184.0,75.54118202999999
Asia,03/21/2020,2211.0,171.0,79.16052309
Asia,03/22/2020,2663.0,162.0,85.28968149000002
Asia,03/23/2020,2402.0,178.0,92.8683738
Asia,03/24/2020,2903.0,165.0,119.80845075
Asia,03/25/2020,3689.0,152.0,135.44011435999997
Asia,03/26/2020,4022.0,177.0,142.84195751
Asia,03/27/2020,4116.0,223.0,143.25362884
Asia,03/28/2020,4884.0,186.0,148.48671364999998
Asia,03/29/2020,5598.0,207.0,163.28643330999995
Asia,03/30/2020,5363.0,178.0,174.55699987
Asia,03/31/2020,5760.0,181.0,182.69907327
Asia,04/01/2020,5002.0,188.0,197.10467092999997
Asia,04/02/2020,6326.0,217.0,210.47855983000002
Asia,04/03/2020,6130.0,213.0,229.6817023100001
Asia,04/04/2020,3616.0,79.0,242.21833171
Asia,04/05/2020,8957.0,367.0,270.56791378
Asia,04/06/2020,6926.0,251.0,294.5846606
Asia,04/07/2020,6212.0,203.0,315.6976994299999
Asia,04/08/2020,5868.0,239.0,325.0826315699999
Asia,04/09/2020,5405.0,203.0,332.29546832999995
Asia,04/10/2020,6120.0,252.0,349.9052449299999
Asia,04/11/2020,6164.0,232.0,362.74995751999995
Asia,04/12/2020,7163.0,282.0,379.9688111999999
Asia,04/13/2020,6610.0,291.0,396.04135863000005
Asia,04/14/2020,7555.0,242.0,433.20227387000006
Asia,04/15/2020,7001.0,278.0,456.3904952699999
Asia,04/16/2020,7003.0,224.0,478.19508998999993
Asia,04/17/2020,8050.0,1505.0,499.24079768999997
Asia,04/18/2020,7800.0,237.0,531.6586951099999
Asia,04/19/2020,8389.0,182.0,542.60056562
Asia,04/20/2020,8229.0,247.0,567.39754708
Asia,04/21/2020,9385.0,226.0,608.2658692399999
Asia,04/22/2020,8528.0,225.0,640.7884871299998
Asia,04/23/2020,8279.0,308.0,685.92266557
Asia,04/24/2020,10277.0,243.0,733.9597874699999
Asia,04/25/2020,9822.0,270.0,791.0801084599999
Asia,04/26/2020,9451.0,248.0,825.7234559300001
Asia,04/27/2020,8965.0,180.0,879.0389360300001
Asia,04/28/2020,8866.0,266.0,900.01064287
Asia,04/29/2020,9193.0,242.0,921.7655329399998
Asia,04/30/2020,9767.0,268.0,953.27588746
Asia,05/01/2020,10239.0,259.0,1011.1438766
Asia,05/02/2020,11025.0,244.0,1038.35692663
Asia,05/03/2020,10014.0,298.0,1055.88631164
Asia,05/04/2020,10855.0,227.0,1068.81026435
Asia,05/05/2020,12704.0,380.0,1067.1208707699998
Asia,05/06/2020,12199.0,311.0,1096.15936578
Asia,05/07/2020,13833.0,305.0,1125.97221777
Asia,05/08/2020,13515.0,313.0,1137.9521687000004
Asia,05/09/2020,13874.0,284.0,1162.0923077000004
Asia,05/10/2020,14364.0,288.0,1222.50922309
Asia,05/11/2020,15640.0,270.0,1257.48356928
Asia,05/12/2020,14193.0,265.0,1299.3236717400002
Asia,05/13/2020,16550.0,314.0,1370.2068341100005
Asia,05/14/2020,16255.0,333.0,1437.1465462099995
Asia,05/15/2020,16689.0,311.0,1482.8678762099996
Asia,05/16/2020,18090.0,327.0,1545.7969482199996
Asia,05/17/2020,17816.0,298.0,1613.8924949999998
Asia,05/18/2020,19337.0,359.0,1684.3187378399998
Asia,05/19/2020,19198.0,358.0,1733.3657219100003
Asia,05/20/2020,20066.0,352.0,1793.5144627500001
Asia,05/21/2020,21399.0,318.0,1844.86382949
Asia,05/22/2020,22877.0,386.0,1900.4756449300003
Asia,05/23/2020,22501.0,369.0,1952.63445003
Asia,05/24/2020,23177.0,359.0,1981.3481990700006
Asia,05/25/2020,21716.0,352.0,2009.6828843000005
Asia,05/26/2020,20632.0,309.0,2015.7947361100003
Asia,05/27/2020,19491.0,369.0,2014.5312709800003
Asia,05/28/2020,21248.0,421.0,2019.8874771600006
Asia,05/29/2020,24697.0,421.0,2043.1024616400002
Asia,05/30/2020,26864.0,531.0,2089.9231687700003
Asia,05/31/2020,26259.0,497.0,2146.8981651
Asia,06/01/2020,27267.0,512.0,2198.8724438899994
Asia,06/02/2020,26918.0,485.0,2235.61398326
Asia,06/03/2020,29115.0,505.0,2253.3463475599997
Asia,06/04/2020,31136.0,594.0,2276.5288438199996
Asia,06/05/2020,30386.0,559.0,2289.1022434899996
Asia,06/06/2020,31713.0,628.0,2293.8946078699996
Asia,06/07/2020,31876.0,614.0,2298.409683709999
Asia,06/08/2020,31940.0,566.0,2301.9004309499996
Asia,06/09/2020,31217.0,684.0,2340.7093329000004
Asia,06/10/2020,32580.0,643.0,2385.83613931
Asia,06/11/2020,34248.0,735.0,2413.8969933799995
Asia,06/12/2020,35393.0,787.0,2375.41587123
Asia,06/13/2020,37787.0,782.0,2389.9510873399995
Asia,06/14/2020,36694.0,711.0,2368.16152782
Asia,06/15/2020,35333.0,768.0,2324.11403905
Asia,06/16/2020,34212.0,872.0,2321.9586236600003
Asia,06/17/2020,36339.0,2500.0,2305.175884989999
Asia,06/18/2020,38612.0,839.0,2279.2959148800005
Asia,06/19/2020,39367.0,871.0,2272.01574878
Asia,06/20/2020,40326.0,911.0,2251.08985356
Asia,06/21/2020,39661.0,835.0,2231.6572585799995
Asia,06/22/2020,37327.0,908.0,2210.3261337499994
Asia,06/23/2020,38138.0,768.0,2222.79078828
Asia,06/24/2020,39534.0,909.0,2218.8903433799996
Asia,06/25/2020,42120.0,970.0,2228.2104784900002
Asia,06/26/2020,41372.0,919.0,2259.7222258399997
Asia,06/27/2020,43729.0,791.0,2235.6108905
Asia,06/28/2020,43977.0,1011.0,2217.2672711600003
Asia,06/29/2020,44181.0,853.0,2219.225959940001
Asia,06/30/2020,41990.0,999.0,2211.0767109099997
Asia,07/01/2020,63572.0,1093.0,2333.0837705799986
Asia,07/02/2020,46382.0,973.0,2368.3593180300004
Asia,07/03/2020,48845.0,936.0,2406.973483699999
Asia,07/04/2020,50073.0,960.0,2439.5619452899996
Asia,07/05/2020,51655.0,1158.0,2461.6623588800003
Asia,07/06/2020,47752.0,1016.0,2483.28727014
Asia,07/07/2020,51099.0,1157.0,2488.85962476
Asia,07/08/2020,47708.0,1116.0,2473.611260530001
Asia,07/09/2020,53833.0,980.0,2481.6794517299995
Asia,07/10/2020,53747.0,1081.0,2501.264786639999
Asia,07/11/2020,54191.0,1057.0,2520.948080079999
Asia,07/12/2020,53393.0,1090.0,2532.95895544
Asia,07/13/2020,54183.0,1396.0,2562.7286614499994
Asia,07/14/2020,53641.0,1117.0,2610.8502467099993
Asia,07/15/2020,53646.0,1148.0,2521.70791853
Asia,07/16/2020,58742.0,1203.0,2530.07696926
Asia,07/17/2020,60839.0,1276.0,2524.7671234900004
Asia,07/18/2020,70744.0,1986.0,2685.165771060001
Asia,07/19/2020,64848.0,1256.0,2714.7719964
Asia,07/20/2020,63148.0,1360.0,2705.168625080001
Asia,07/21/2020,61329.0,1413.0,2705.1717671300003
Asia,07/22/2020,64063.0,1250.0,2741.73784219
Asia,07/23/2020,71913.0,1809.0,2747.227363720001
Asia,07/24/2020,74858.0,1411.0,2728.7773550200004
Asia,07/25/2020,73778.0,1356.0,2696.4662282300014
Asia,07/26/2020,73339.0,1240.0,2716.8630895400015
Asia,07/27/2020,72245.0,1299.0,2691.348183839999
Asia,07/28/2020,70955.0,1189.0,2667.38365332
Asia,07/29/2020,74240.0,1509.0,2675.4244349500004
Asia,07/30/2020,77887.0,1274.0,2654.8371959399988
Asia,07/31/2020,81802.0,1365.0,2650.10977505
Asia,08/01/2020,80021.0,1246.0,2427.16649107
Asia,08/02/2020,82904.0,1318.0,2392.5896494099998
Asia,08/03/2020,77127.0,1543.0,2393.91784137
Asia,08/04/2020,74062.0,1324.0,2353.0321656200003
Asia,08/05/2020,80289.0,1412.0,2316.8143309100005
Asia,08/06/2020,83733.0,1446.0,2327.8696670999993
Asia,08/07/2020,89379.0,1205.0,2323.2839637400007
Asia,08/08/2020,88174.0,1564.0,2314.4739429900005
Asia,08/09/2020,89950.0,1321.0,2279.5265937500003
Asia,08/10/2020,82934.0,1839.0,2261.80271764
Asia,08/11/2020,80088.0,1349.0,2252.9430776200006
Asia,08/12/2020,86745.0,1354.0,2219.2331562000004
Asia,08/13/2020,92824.0,1516.0,2216.7516520500003
Asia,08/14/2020,90418.0,1482.0,2199.8678308800004
Asia,08/15/2020,94311.0,1488.0,2231.5752339500004
Asia,08/16/2020,90129.0,1524.0,2222.219748179999
Asia,08/17/2020,78192.0,1448.0,2176.362691110001
Asia,08/18/2020,79509.0,1510.0,2222.5167920999993
Asia,08/19/2020,91248.0,1575.0,2200.9815045200003
Asia,08/20/2020,94486.0,1478.0,2147.85014698
Asia,08/21/2020,98553.0,1697.0,2178.12223723
Asia,08/22/2020,94918.0,1419.0,2176.5990629300004
Asia,08/23/2020,94794.0,1386.0,2193.1376677499993
Asia,08/24/2020,79067.0,833.0,2158.38634146
Asia,08/25/2020,84793.0,1360.0,2157.1560002300002
Asia,08/26/2020,90725.0,1553.0,2178.00762058
Asia,08/27/2020,101769.0,1577.0,2180.22622805
Asia,08/28/2020,104178.0,1732.0,2174.5431362299996
Asia,08/29/2020,102392.0,1547.0,2190.9976051000003
Asia,08/30/2020,102551.0,1448.0,2177.24333644
Asia,08/31/2020,100348.0,1497.0,2196.83220943
Asia,09/01/2020,94106.0,1255.0,2164.77012827
Asia,09/02/2020,101424.0,1641.0,2200.4615579600004
Asia,09/03/2020,108920.0,1530.0,2239.2955835199996
Asia,09/04/2020,109455.0,1645.0,2233.6506078400002
Asia,09/05/2020,107395.0,1498.0,2236.0813253099996
Asia,09/06/2020,119788.0,1591.0,2262.08185461
Asia,09/07/2020,113428.0,1533.0,2332.8522982799996
Asia,09/08/2020,101070.0,1626.0,2411.4912554799994
Asia,09/09/2020,116342.0,1653.0,2392.3100754699994
Asia,09/10/2020,123176.0,1701.0,2437.38771811
Asia,09/11/2020,126451.0,1782.0,2491.3193922499995
Asia,09/12/2020,124997.0,1649.0,2513.79261854
Asia,09/13/2020,124194.0,1724.0,2579.56026316
Asia,09/14/2020,119113.0,1648.0,2687.4981566900005
Asia,09/15/2020,112357.0,1829.0,2744.32958402
Asia,09/16/2020,122166.0,1871.0,2819.13944878
Asia,09/17/2020,129077.0,1754.0,2867.3251375799996
Asia,09/18/2020,127377.0,1756.0,2922.791039040001
Asia,09/19/2020,120899.0,1797.0,2948.6283628500005
Asia,09/20/2020,122967.0,1747.0,2962.7931809700003
Asia,09/21/2020,116734.0,1712.0,3024.610637
Asia,09/22/2020,104703.0,1605.0,2975.7941213100003
Asia,09/23/2020,109921.0,1700.0,2998.154261010001
Asia,09/24/2020,125671.0,1766.0,3087.6214864200006
Asia,09/25/2020,122513.0,1721.0,3156.33187344
Asia,09/26/2020,112594.0,1693.0,3139.668926159999
Asia,09/27/2020,125646.0,1725.0,3218.8453652899993
Asia,09/28/2020,111651.0,1633.0,3205.7497561199993
Asia,09/29/2020,98472.0,1358.0,3210.002613579999
Asia,09/30/2020,110812.0,1859.0,3162.7837021699997
Asia,10/01/2020,122450.0,1744.0,3222.5353286600002
Asia,10/02/2020,120271.0,1775.0,3230.735292299999
Asia,10/03/2020,110539.0,1671.0,3227.827794790001
Asia,10/04/2020,108376.0,1505.0,3242.3907794800007
Asia,10/05/2020,105706.0,1575.0,3239.9888100699995
Asia,10/06/2020,93335.0,1556.0,3260.274425429999
Asia,10/07/2020,105874.0,1658.0,3303.9477106599993
Asia,10/08/2020,114580.0,1658.0,3231.8801607899986
Asia,10/09/2020,107046.0,1720.0,3199.36322282
Asia,10/10/2020,102624.0,1568.0,3206.0366394700004
Asia,10/11/2020,106070.0,1559.0,3099.127404989999
Asia,10/12/2020,94022.0,1517.0,3035.5788373500004
Asia,10/13/2020,90313.0,1371.0,3066.9838546399997
Asia,10/14/2020,96750.0,1412.0,3074.827655640001
Asia,10/15/2020,100710.0,1460.0,2987.4020767399998
Asia,10/16/2020,96989.0,1580.0,2933.4253952500003
Asia,10/17/2020,95877.0,1474.0,2939.0968662900004
Asia,10/18/2020,92206.0,1726.0,2872.7900202299993
Asia,10/19/2020,86442.0,1225.0,2842.461874709999
Asia,10/20/2020,76847.0,1358.0,2799.4296529199996
Asia,10/21/2020,87241.0,1461.0,2774.0273080699985
Asia,10/22/2020,92328.0,1460.0,2756.8104495099997
Asia,10/23/2020,90453.0,1431.0,2720.15253593
Asia,10/24/2020,89610.0,1474.0,2738.15194082
Asia,10/25/2020,82192.0,1316.0,2739.1966106900004
Asia,10/26/2020,77656.0,1171.0,2789.3385565499993
Asia,10/27/2020,66554.0,1304.0,2704.5368671100005
Asia,10/28/2020,79359.0,1284.0,2702.5410121899995
Asia,10/29/2020,86070.0,1334.0,2714.0692356699997
Asia,10/30/2020,86129.0,1340.0,2716.415629349999
Asia,10/31/2020,83868.0,1265.0,2715.74051126
Asia,11/01/2020,80265.0,1256.0,2736.9224077900003
Asia,11/02/2020,80133.0,1283.0,2742.9659253699992
Asia,11/03/2020,76627.0,1395.0,2792.539997350001
Asia,11/04/2020,85660.0,1384.0,2814.4037140900004
Asia,11/05/2020,89345.0,1596.0,2824.4012307899993
Asia,11/06/2020,88531.0,1505.0,2837.5061660500005
Asia,11/07/2020,92312.0,1427.0,2869.0802885699995
Asia,11/08/2020,84897.0,1334.0,2884.47334096
Asia,11/09/2020,85500.0,1351.0,2886.07127642
Asia,11/10/2020,78356.0,1389.0,2940.623472320001
Asia,11/11/2020,86975.0,1381.0,2958.5983946399992
Asia,11/12/2020,92299.0,1504.0,2969.33755614
Asia,11/13/2020,89774.0,1431.0,2998.1650255699997
Asia,11/14/2020,89410.0,1416.0,3019.09974234
Asia,11/15/2020,84661.0,1327.0,3056.9931255200013
Asia,11/16/2020,69853.0,1281.0,3038.3831708700004
Asia,11/17/2020,73795.0,1331.0,3047.45440336
Asia,11/18/2020,84480.0,1396.0,3050.5452093500003
Asia,11/19/2020,94577.0,1595.0,3082.129090260001
Asia,11/20/2020,81821.0,1337.0,3079.9169177699996
Asia,11/21/2020,107551.0,1946.0,3102.244292970002
Asia,11/22/2020,90061.0,1404.0,3108.8904428400006
Asia,11/23/2020,89382.0,1492.0,3127.2696297300004
Asia,11/24/2020,85765.0,1417.0,3155.9847053500007
Asia,11/25/2020,78272.0,978.0,3143.4058222700005
Asia,11/26/2020,107857.0,2020.0,3165.77815548
Asia,11/27/2020,92038.0,1503.0,3157.5540288400002
Asia,11/28/2020,89333.0,1382.0,3136.70234822
Asia,11/29/2020,86417.0,1399.0,3090.7000911800005
Asia,11/30/2020,90091.0,1412.0,3207.9113843400005
Asia,12/01/2020,78947.0,1346.0,3218.165688230001
Asia,12/02/2020,83119.0,1463.0,3213.9095194000006
Asia,12/03/2020,86030.0,1363.0,3192.2004154599995
Asia,12/04/2020,89352.0,1403.0,3216.9499895999993
Asia,12/05/2020,82635.0,1405.0,3170.8535669700004
Asia,12/06/2020,80499.0,1249.0,3142.36142959
Asia,12/07/2020,79723.0,1178.0,3156.024554849999
Asia,12/08/2020,71121.0,1211.0,3122.9743580899994
Asia,12/09/2020,75541.0,1345.0,3108.1400059099997
Asia,12/10/2020,76203.0,1234.0,3068.16495764
Asia,12/11/2020,75131.0,1245.0,3066.67839361
Asia,12/12/2020,71851.0,1166.0,3059.9188296299994
Asia,12/13/2020,72723.0,1124.0,3093.6423885399995
Asia,12/14/2020,64995.0,1027.0,2973.4497071700002
Europe,12/31/2019,0.0,0.0,0.0
Europe,01/01/2020,0.0,0.0,0.0
Europe,01/02/2020,0.0,0.0,0.0
Europe,01/03/2020,0.0,0.0,0.0
Europe,01/04/2020,0.0,0.0,0.0
Europe,01/05/2020,0.0,0.0,0.0
Europe,01/06/2020,0.0,0.0,0.0
Europe,01/07/2020,0.0,0.0,0.0
Europe,01/08/2020,0.0,0.0,0.0
Europe,01/09/2020,0.0,0.0,0.0
Europe,01/10/2020,0.0,0.0,0.0
Europe,01/11/2020,0.0,0.0,0.0
Europe,01/12/2020,0.0,0.0,0.0
Europe,01/13/2020,0.0,0.0,1.06498885
Europe,01/14/2020,0.0,0.0,0.0
Europe,01/15/2020,0.0,0.0,0.0
Europe,01/16/2020,0.0,0.0,0.0
Europe,01/17/2020,0.0,0.0,0.0
Europe,01/18/2020,0.0,0.0,0.0
Europe,01/19/2020,0.0,0.0,0.0
Europe,01/20/2020,0.0,0.0,0.0
Europe,01/21/2020,0.0,0.0,0.0
Europe,01/22/2020,0.0,0.0,0.0
Europe,01/23/2020,0.0,0.0,0.0
Europe,01/24/2020,0.0,0.0,0.0
Europe,01/25/2020,3.0,0.0,0.00447675
Europe,01/26/2020,0.0,0.0,0.00447675
Europe,01/27/2020,0.0,0.0,0.00447675
Europe,01/28/2020,1.0,0.0,0.00568129
Europe,01/29/2020,4.0,0.0,0.01078716
Europe,01/30/2020,2.0,0.0,0.03040218
Europe,01/31/2020,5.0,0.0,0.038069189999999996
Europe,02/01/2020,7.0,0.0,0.04698072
Europe,02/02/2020,1.0,0.0,0.04818526
Europe,02/03/2020,1.0,0.0,0.0493898
Europe,02/04/2020,3.0,0.0,0.05179888
Europe,02/05/2020,2.0,0.0,0.06202874
Europe,02/06/2020,0.0,0.0,0.07180373000000001
Europe,02/07/2020,2.0,0.0,0.07450872
Europe,02/08/2020,6.0,0.0,0.07869775999999998
Europe,02/09/2020,0.0,0.0,0.07869775999999998
Europe,02/10/2020,5.0,0.0,0.08683004
Europe,02/11/2020,1.0,0.0,0.08712593999999999
Europe,02/12/2020,2.0,0.0,0.08442914
Europe,02/13/2020,1.0,0.0,0.06631456
Europe,02/14/2020,0.0,0.0,0.05864755000000001
Europe,02/15/2020,0.0,1.0,0.04973601
Europe,02/16/2020,0.0,0.0,0.04853147000000001
Europe,02/17/2020,1.0,0.0,0.048819180000000004
Europe,02/18/2020,0.0,0.0,0.046410099999999996
Europe,02/19/2020,0.0,0.0,0.03618024
Europe,02/20/2020,0.0,0.0,0.026405249999999998
Europe,02/21/2020,0.0,0.0,0.02370027
Europe,02/22/2020,14.0,0.0,0.03822882
Europe,02/23/2020,63.0,2.0,0.14244707
Europe,02/24/2020,53.0,0.0,0.22212194999999998
Europe,02/25/2020,98.0,4.0,0.38345567999999997
Europe,02/26/2020,109.0,5.0,0.61511311
Europe,02/27/2020,107.0,2.0,0.9429647000000002
Europe,02/28/2020,341.0,5.0,4.719345400000001
Europe,02/29/2020,322.0,4.0,8.77066456
Europe,03/01/2020,429.0,8.0,10.04259373
Europe,03/02/2020,708.0,7.0,32.51012712
Europe,03/03/2020,558.0,18.0,7.702805530000001
Europe,03/04/2020,760.0,29.0,41.6312895
Europe,03/05/2020,1037.0,28.0,61.39749817
Europe,03/06/2020,1597.0,47.0,89.9733217
Europe,03/07/2020,2015.0,55.0,102.42219055
Europe,03/08/2020,2242.0,38.0,119.48710496999999
Europe,03/09/2020,2807.0,145.0,159.65988247000004
Europe,03/10/2020,3651.0,137.0,205.59926189
Europe,03/11/2020,3424.0,183.0,261.08483764
Europe,03/12/2020,5886.0,254.0,299.66305401
Europe,03/13/2020,7543.0,249.0,341.60203576999993
Europe,03/14/2020,7862.0,317.0,385.78634982000005
Europe,03/15/2020,9305.0,244.0,494.63751542999995
Europe,03/16/2020,9329.0,599.0,582.56090253
Europe,03/17/2020,10997.0,438.0,609.55469132
Europe,03/18/2020,12770.0,617.0,673.18320079
Europe,03/19/2020,14435.0,743.0,840.48934666
Europe,03/20/2020,23002.0,884.0,1053.30447092
Europe,03/21/2020,22886.0,1079.0,1273.1230635899997
Europe,03/22/2020,22779.0,1442.0,1413.5539712500001
Europe,03/23/2020,21248.0,1355.0,1562.92277916
Europe,03/24/2020,28564.0,1538.0,1868.9264053200004
Europe,03/25/2020,27406.0,1905.0,1997.9627566
Europe,03/26/2020,32026.0,2176.0,2228.2822884299994
Europe,03/27/2020,36988.0,2285.0,2733.40573942
Europe,03/28/2020,38291.0,2809.0,3593.2912049799997
Europe,03/29/2020,33963.0,2814.0,3753.7959504600017
Europe,03/30/2020,30321.0,2643.0,3867.1039605799997
Europe,03/31/2020,33442.0,3031.0,4027.5951483000003
Europe,04/01/2020,40316.0,3452.0,4157.764109710001
Europe,04/02/2020,38822.0,3546.0,4581.397484029999
Europe,04/03/2020,37312.0,3734.0,4756.3725369
Europe,04/04/2020,40688.0,5363.0,5009.342964549999
Europe,04/05/2020,36680.0,4288.0,5143.004419509998
Europe,04/06/2020,28620.0,3139.0,5163.045447339998
Europe,04/07/2020,31867.0,3552.0,5163.957906049998
Europe,04/08/2020,34907.0,5104.0,5160.310165449999
Europe,04/09/2020,37834.0,4093.0,5269.579637569999
Europe,04/10/2020,39692.0,4886.0,4796.967203390001
Europe,04/11/2020,39106.0,4312.0,4730.531544300001
Europe,04/12/2020,33841.0,3615.0,4576.91301939
Europe,04/13/2020,28497.0,3197.0,4479.781224929999
Europe,04/14/2020,27419.0,3305.0,4398.45423616
Europe,04/15/2020,33960.0,4406.0,4322.926516449999
Europe,04/16/2020,32683.0,4850.0,4266.79360897
Europe,04/17/2020,35998.0,4162.0,4210.690216779998
Europe,04/18/2020,33108.0,3912.0,3885.430908800001
Europe,04/19/2020,29189.0,3680.0,3811.1274193499994
Europe,04/20/2020,29056.0,2526.0,3650.2072817899993
Europe,04/21/2020,28079.0,2951.0,3590.25917396
Europe,04/22/2020,31823.0,3899.0,3527.706736139999
Europe,04/23/2020,30582.0,3318.0,3239.4997059599996
Europe,04/24/2020,29910.0,3069.0,3061.7760334900004
Europe,04/25/2020,30912.0,3193.0,2905.29203816
Europe,04/26/2020,27034.0,2964.0,2757.30496951
Europe,04/27/2020,23455.0,1603.0,2771.7433867100003
Europe,04/28/2020,22814.0,2460.0,2707.5279853
Europe,04/29/2020,23776.0,3050.0,2632.58512553
Europe,04/30/2020,26212.0,2719.0,2650.1883924600006
Europe,05/01/2020,27027.0,2358.0,2562.501704070001
Europe,05/02/2020,24853.0,2170.0,2491.6352984900004
Europe,05/03/2020,24861.0,1989.0,2329.26500585
Europe,05/04/2020,22819.0,1313.0,2261.94365423
Europe,05/05/2020,23133.0,1588.0,2104.4146584300006
Europe,05/06/2020,24367.0,2241.0,2035.5709827000003
Europe,05/07/2020,29824.0,2165.0,2130.17824972
Europe,05/08/2020,26976.0,1782.0,2069.357655160001
Europe,05/09/2020,25722.0,1923.0,1994.0012204600007
Europe,05/10/2020,25636.0,1220.0,1995.408317
Europe,05/11/2020,20374.0,1032.0,1842.95427381
Europe,05/12/2020,21750.0,1335.0,1818.4783362499993
Europe,05/13/2020,24299.0,1924.0,1795.9236495199996
Europe,05/14/2020,22755.0,1483.0,1623.62783102
Europe,05/15/2020,23083.0,1630.0,1471.8309393599998
Europe,05/16/2020,22296.0,1324.0,1438.7712391999999
Europe,05/17/2020,20033.0,1176.0,1435.7863324099999
Europe,05/18/2020,18242.0,708.0,1423.83310313
Europe,05/19/2020,17530.0,897.0,1410.5344718499998
Europe,05/20/2020,19742.0,1349.0,1379.8887586999997
Europe,05/21/2020,19968.0,1112.0,1201.9395393
Europe,05/22/2020,20146.0,1611.0,1159.9775571100004
Europe,05/23/2020,19104.0,958.0,1147.7638807100002
Europe,05/24/2020,18463.0,862.0,1100.2244572699997
Europe,05/25/2020,15542.0,-1095.0,1120.4349374900003
Europe,05/26/2020,16984.0,876.0,1126.2782522300004
Europe,05/27/2020,17234.0,758.0,1084.31761425
Europe,05/28/2020,17833.0,1045.0,1071.13757237
Europe,05/29/2020,21380.0,956.0,1059.1230188199997
Europe,05/30/2020,18475.0,889.0,1052.26577543
Europe,05/31/2020,18160.0,717.0,1037.93580199
Europe,06/01/2020,15889.0,484.0,1048.6738175399998
Europe,06/02/2020,15911.0,557.0,1102.98352391
Europe,06/03/2020,15717.0,792.0,1207.9132549599994
Europe,06/04/2020,17536.0,785.0,1215.5230554099996
Europe,06/05/2020,18340.0,630.0,1214.0481001199996
Europe,06/06/2020,18511.0,760.0,1226.9165098300002
Europe,06/07/2020,17813.0,615.0,1244.8350915499998
Europe,06/08/2020,15864.0,406.0,1250.7176285399999
Europe,06/09/2020,16621.0,473.0,1254.6519997400005
Europe,06/10/2020,16903.0,729.0,1268.9343691200004
Europe,06/11/2020,17839.0,709.0,1281.4750079100004
Europe,06/12/2020,18619.0,499.0,1293.24433328
Europe,06/13/2020,18904.0,559.0,1319.4188893199996
Europe,06/14/2020,18524.0,476.0,1351.7339597199996
Europe,06/15/2020,16993.0,345.0,1354.5886729000003
Europe,06/16/2020,16547.0,375.0,1318.6950983099998
Europe,06/17/2020,17788.0,646.0,1235.7807529799998
Europe,06/18/2020,18966.0,582.0,1251.1703224099995
Europe,06/19/2020,18282.0,1862.0,1264.9967462200002
Europe,06/20/2020,18314.0,499.0,1278.8678006500002
Europe,06/21/2020,17562.0,338.0,1279.8304048700004
Europe,06/22/2020,15195.0,304.0,1288.9960127099996
Europe,06/23/2020,15693.0,311.0,1293.77220918
Europe,06/24/2020,17157.0,523.0,1311.21149598
Europe,06/25/2020,18278.0,403.0,1329.9133925699996
Europe,06/26/2020,17341.0,431.0,1347.7186530800004
Europe,06/27/2020,18783.0,466.0,1351.08350206
Europe,06/28/2020,15820.0,379.0,1370.43550186
Europe,06/29/2020,14706.0,312.0,1383.6483862799998
Europe,06/30/2020,15886.0,323.0,1391.6952773099995
Europe,07/01/2020,15812.0,448.0,1402.2958372300002
Europe,07/02/2020,16237.0,499.0,1400.15392393
Europe,07/03/2020,16645.0,423.0,1427.5382730400004
Europe,07/04/2020,15747.0,434.0,1426.0275072499999
Europe,07/05/2020,14906.0,372.0,1445.8391380700007
Europe,07/06/2020,14853.0,310.0,1478.0403365799998
Europe,07/07/2020,14707.0,336.0,1497.9922234999992
Europe,07/08/2020,14529.0,504.0,1515.9443032299998
Europe,07/09/2020,16397.0,460.0,1525.14360323
Europe,07/10/2020,16403.0,406.0,1538.6422475699997
Europe,07/11/2020,15977.0,410.0,1551.5104329100004
Europe,07/12/2020,15268.0,378.0,1580.9361497099999
Europe,07/13/2020,15047.0,274.0,1587.5517278900006
Europe,07/14/2020,15539.0,295.0,1627.1565772200001
Europe,07/15/2020,14895.0,401.0,1640.5267935299998
Europe,07/16/2020,17343.0,444.0,1646.2048435699992
Europe,07/17/2020,16975.0,390.0,1649.3319504500002
Europe,07/18/2020,16072.0,384.0,1679.9050211499996
Europe,07/19/2020,14452.0,292.0,1691.1589102999994
Europe,07/20/2020,17575.0,229.0,1703.15291774
Europe,07/21/2020,16567.0,263.0,1723.3056219000002
Europe,07/22/2020,16161.0,374.0,1739.8948775
Europe,07/23/2020,19615.0,385.0,1783.8839878399997
Europe,07/24/2020,19370.0,348.0,1846.5110132900004
Europe,07/25/2020,17114.0,361.0,1893.0001806600003
Europe,07/26/2020,15049.0,301.0,1884.4204808500003
Europe,07/27/2020,19845.0,207.0,1885.3161985200002
Europe,07/28/2020,19007.0,277.0,1998.5031140899998
Europe,07/29/2020,17436.0,345.0,2028.0385739500005
Europe,07/30/2020,20305.0,381.0,2084.5086468500003
Europe,07/31/2020,21571.0,360.0,2120.94670404
Europe,08/01/2020,18166.0,379.0,2141.4963418099996
Europe,08/02/2020,15567.0,263.0,2144.6997477499995
Europe,08/03/2020,22297.0,278.0,2145.6985994799993
Europe,08/04/2020,23699.0,270.0,2180.465745990001
Europe,08/05/2020,19987.0,408.0,2209.2494454999996
Europe,08/06/2020,23747.0,393.0,2266.0943872300004
Europe,08/07/2020,23154.0,313.0,2244.2433589300003
Europe,08/08/2020,20491.0,356.0,2346.653334660001
Europe,08/09/2020,16608.0,320.0,2371.5725549700014
Europe,08/10/2020,24292.0,335.0,2386.65593054
Europe,08/11/2020,23910.0,355.0,2335.7055702800003
Europe,08/12/2020,21782.0,300.0,2360.5166816899996
Europe,08/13/2020,28969.0,381.0,2433.2362938799997
Europe,08/14/2020,27269.0,387.0,2496.7932707900004
Europe,08/15/2020,20665.0,314.0,2517.9436183999997
Europe,08/16/2020,20450.0,477.0,2553.8098906599994
Europe,08/17/2020,35756.0,270.0,2606.295986399999
Europe,08/18/2020,21573.0,285.0,2613.1275220899997
Europe,08/19/2020,24742.0,467.0,2625.1441793100007
Europe,08/20/2020,30285.0,364.0,2632.1784319699996
Europe,08/21/2020,32648.0,360.0,2671.0150980700005
Europe,08/22/2020,25159.0,318.0,2608.3614684499994
Europe,08/23/2020,21987.0,330.0,2579.6509834599997
Europe,08/24/2020,41250.0,276.0,2651.8409953899995
Europe,08/25/2020,26451.0,316.0,2747.4120366400007
Europe,08/26/2020,30638.0,427.0,2787.8434799900006
Europe,08/27/2020,35433.0,436.0,2843.4131487600002
Europe,08/28/2020,33479.0,348.0,2578.223960779999
Europe,08/29/2020,28487.0,340.0,2602.1697926099996
Europe,08/30/2020,24456.0,334.0,2582.1182458700005
Europe,08/31/2020,47359.0,336.0,2627.52121109
Europe,09/01/2020,29689.0,401.0,2718.071682690001
Europe,09/02/2020,32104.0,467.0,2733.4202770299994
Europe,09/03/2020,38238.0,444.0,2746.3734953000007
Europe,09/04/2020,40382.0,567.0,2744.7220602699995
Europe,09/05/2020,32963.0,330.0,2800.3127247099997
Europe,09/06/2020,30804.0,414.0,2857.310349299998
Europe,09/07/2020,54383.0,325.0,2885.9605257199996
Europe,09/08/2020,36374.0,438.0,2870.47749634
Europe,09/09/2020,41873.0,525.0,2915.31407025
Europe,09/10/2020,46244.0,481.0,2961.49711509
Europe,09/11/2020,49286.0,485.0,3250.6639178600003
Europe,09/12/2020,36546.0,377.0,3353.0878096000006
Europe,09/13/2020,37745.0,333.0,3446.74719817
Europe,09/14/2020,58802.0,467.0,3517.3960371700005
Europe,09/15/2020,41142.0,506.0,3631.12639346
Europe,09/16/2020,52286.0,862.0,3767.6034613599986
Europe,09/17/2020,51384.0,602.0,3840.08171323
Europe,09/18/2020,60643.0,602.0,4091.4347251399995
Europe,09/19/2020,48894.0,637.0,4274.511419079999
Europe,09/20/2020,45887.0,470.0,4381.5254650299985
Europe,09/21/2020,71506.0,515.0,4583.935586299998
Europe,09/22/2020,48623.0,640.0,4773.410395590001
Europe,09/23/2020,55932.0,738.0,4898.65796575
Europe,09/24/2020,63474.0,696.0,5038.53483282
Europe,09/25/2020,69313.0,709.0,5210.7002410800005
Europe,09/26/2020,59603.0,649.0,5403.913284429998
Europe,09/27/2020,54153.0,624.0,5540.663190610001
Europe,09/28/2020,78047.0,608.0,5592.484756879999
Europe,09/29/2020,50192.0,661.0,5673.433797080001
Europe,09/30/2020,61551.0,883.0,5716.713225460001
Europe,10/01/2020,69800.0,857.0,5969.15548808
Europe,10/02/2020,74529.0,779.0,6017.389031849998
Europe,10/03/2020,71305.0,766.0,6200.429181459998
Europe,10/04/2020,73271.0,666.0,6378.66287614
Europe,10/05/2020,92842.0,547.0,6354.084723249999
Europe,10/06/2020,82791.0,929.0,6712.17126009
Europe,10/07/2020,87465.0,966.0,6900.999593750001
Europe,10/08/2020,105760.0,1025.0,7296.7969601099985
Europe,10/09/2020,117250.0,1075.0,7591.431428009997
Europe,10/10/2020,104262.0,788.0,8024.229376010002
Europe,10/11/2020,114867.0,967.0,8324.36717066
Europe,10/12/2020,115685.0,907.0,8584.278029460002
Europe,10/13/2020,101282.0,833.0,10046.84942867
Europe,10/14/2020,124663.0,1381.0,10452.433758640002
Europe,10/15/2020,150533.0,1330.0,11094.278690389996
Europe,10/16/2020,165020.0,1444.0,12562.768572890003
Europe,10/17/2020,151471.0,1291.0,13351.845771059996
Europe,10/18/2020,146499.0,1183.0,13896.715982680002
Europe,10/19/2020,176627.0,1277.0,14496.504236989998
Europe,10/20/2020,151103.0,1403.0,14881.26622079
Europe,10/21/2020,171052.0,1741.0,15532.230180019997
Europe,10/22/2020,214717.0,1877.0,16362.315725930008
Europe,10/23/2020,228134.0,1978.0,17296.194549510004
Europe,10/24/2020,224844.0,1892.0,18369.9266595
Europe,10/25/2020,214032.0,1750.0,19372.12417876
Europe,10/26/2020,244983.0,1734.0,20187.004491919983
Europe,10/27/2020,216279.0,1969.0,20133.882324200003
Europe,10/28/2020,245430.0,2807.0,21073.89521873001
Europe,10/29/2020,266487.0,2706.0,22185.32671567
Europe,10/30/2020,287424.0,2755.0,22266.848395960005
Europe,10/31/2020,277687.0,2942.0,22955.049298529993
Europe,11/01/2020,229181.0,2585.0,23771.641213310002
Europe,11/02/2020,274628.0,2419.0,24468.46575525
Europe,11/03/2020,259450.0,2720.0,25009.99660416
Europe,11/04/2020,265372.0,5484.0,25950.31958351001
Europe,11/05/2020,302646.0,4051.0,26689.91728864001
Europe,11/06/2020,322167.0,3855.0,27542.98509223
Europe,11/07/2020,305188.0,4152.0,27801.789505169996
Europe,11/08/2020,314090.0,3332.0,28368.791358049995
Europe,11/09/2020,276910.0,3008.0,28582.9395498
Europe,11/10/2020,235548.0,3747.0,28674.92316916
Europe,11/11/2020,254982.0,5452.0,28832.170935779995
Europe,11/12/2020,285728.0,4753.0,29027.00378054
Europe,11/13/2020,309293.0,4535.0,29262.596758550004
Europe,11/14/2020,275091.0,4618.0,29558.470066230006
Europe,11/15/2020,254128.0,3862.0,29550.14902675001
Europe,11/16/2020,254122.0,3515.0,29592.338354130006
Europe,11/17/2020,224547.0,4256.0,29589.233427650004
Europe,11/18/2020,264902.0,5829.0,29119.204579950005
Europe,11/19/2020,272725.0,5215.0,29064.555348460002
Europe,11/20/2020,282632.0,5139.0,28724.91721852
Europe,11/21/2020,281899.0,5909.0,28837.101212100002
Europe,11/22/2020,223616.0,3835.0,28473.232280040007
Europe,11/23/2020,206846.0,3515.0,28373.23323899
Europe,11/24/2020,209942.0,5076.0,28231.782963220005
Europe,11/25/2020,229442.0,6391.0,28139.298277629998
Europe,11/26/2020,247604.0,5719.0,27904.39378285
Europe,11/27/2020,277445.0,5616.0,27942.18409068001
Europe,11/28/2020,263998.0,6001.0,27939.396909989995
Europe,11/29/2020,234243.0,4368.0,27950.784329720005
Europe,11/30/2020,216198.0,3864.0,27710.457285980003
Europe,12/01/2020,194721.0,4666.0,27550.76870223
Europe,12/02/2020,223726.0,6195.0,27826.356636739998
Europe,12/03/2020,256272.0,5728.0,27563.73245805
Europe,12/04/2020,264508.0,5716.0,27723.879919329996
Europe,12/05/2020,257715.0,5783.0,27583.685470829994
Europe,12/06/2020,235422.0,4310.0,27687.76791476
Europe,12/07/2020,216714.0,3769.0,27717.339846779993
Europe,12/08/2020,191410.0,4090.0,27467.571610949995
Europe,12/09/2020,237363.0,6074.0,27625.10578928
Europe,12/10/2020,255762.0,5370.0,27574.62987432
Europe,12/11/2020,273397.0,5666.0,27401.81932775001
Europe,12/12/2020,226696.0,5421.0,27297.54720005
Europe,12/13/2020,230310.0,4498.0,27377.913684220002
Europe,12/14/2020,208571.0,3277.0,27346.84377231
Oceania,12/31/2019,0.0,0.0,0.0
Oceania,01/01/2020,0.0,0.0,0.0
Oceania,01/02/2020,0.0,0.0,0.0
Oceania,01/03/2020,0.0,0.0,0.0
Oceania,01/04/2020,0.0,0.0,0.0
Oceania,01/05/2020,0.0,0.0,0.0
Oceania,01/06/2020,0.0,0.0,0.0
Oceania,01/07/2020,0.0,0.0,0.0
Oceania,01/08/2020,0.0,0.0,0.0
Oceania,01/09/2020,0.0,0.0,0.0
Oceania,01/10/2020,0.0,0.0,0.0
Oceania,01/11/2020,0.0,0.0,0.0
Oceania,01/12/2020,0.0,0.0,0.0
Oceania,01/13/2020,0.0,0.0,0.0
Oceania,01/14/2020,0.0,0.0,0.0
Oceania,01/15/2020,0.0,0.0,0.0
Oceania,01/16/2020,0.0,0.0,0.0
Oceania,01/17/2020,0.0,0.0,0.0
Oceania,01/18/2020,0.0,0.0,0.0
Oceania,01/19/2020,0.0,0.0,0.0
Oceania,01/20/2020,0.0,0.0,0.0
Oceania,01/21/2020,0.0,0.0,0.0
Oceania,01/22/2020,0.0,0.0,0.0
Oceania,01/23/2020,0.0,0.0,0.0
Oceania,01/24/2020,0.0,0.0,0.0
Oceania,01/25/2020,1.0,0.0,0.00396775
Oceania,01/26/2020,3.0,0.0,0.015871
Oceania,01/27/2020,0.0,0.0,0.015871
Oceania,01/28/2020,0.0,0.0,0.015871
Oceania,01/29/2020,0.0,0.0,0.015871
Oceania,01/30/2020,2.0,0.0,0.0238065
Oceania,01/31/2020,1.0,0.0,0.02777425
Oceania,02/01/2020,2.0,0.0,0.03570975
Oceania,02/02/2020,2.0,0.0,0.04364525
Oceania,02/03/2020,0.0,0.0,0.04364525
Oceania,02/04/2020,0.0,0.0,0.04364525
Oceania,02/05/2020,1.0,0.0,0.047613
Oceania,02/06/2020,1.0,0.0,0.05158075
Oceania,02/07/2020,1.0,0.0,0.0555485
Oceania,02/08/2020,0.0,0.0,0.05158075
Oceania,02/09/2020,0.0,0.0,0.0396775
Oceania,02/10/2020,0.0,0.0,0.0396775
Oceania,02/11/2020,0.0,0.0,0.0396775
Oceania,02/12/2020,0.0,0.0,0.0396775
Oceania,02/13/2020,0.0,0.0,0.031742
Oceania,02/14/2020,1.0,0.0,0.031742
Oceania,02/15/2020,0.0,0.0,0.0238065
Oceania,02/16/2020,0.0,0.0,0.015871
Oceania,02/17/2020,0.0,0.0,0.015871
Oceania,02/18/2020,0.0,0.0,0.015871
Oceania,02/19/2020,0.0,0.0,0.01190325
Oceania,02/20/2020,0.0,0.0,0.0079355
Oceania,02/21/2020,2.0,0.0,0.01190325
Oceania,02/22/2020,4.0,0.0,0.02777425
Oceania,02/23/2020,1.0,0.0,0.031742
Oceania,02/24/2020,0.0,0.0,0.031742
Oceania,02/25/2020,0.0,0.0,0.031742
Oceania,02/26/2020,0.0,0.0,0.031742
Oceania,02/27/2020,1.0,0.0,0.03570975
Oceania,02/28/2020,1.0,0.0,0.05264911
Oceania,02/29/2020,2.0,0.0,0.06058461
Oceania,03/01/2020,1.0,1.0,0.06455236
Oceania,03/02/2020,3.0,0.0,0.07645561000000001
Oceania,03/03/2020,4.0,0.0,0.07141950000000001
Oceania,03/04/2020,9.0,0.0,0.14497572
Oceania,03/05/2020,12.0,1.0,0.20952808
Oceania,03/06/2020,8.0,0.0,0.25027394999999997
Oceania,03/07/2020,5.0,0.0,0.27118106
Oceania,03/08/2020,11.0,1.0,0.20632301
Oceania,03/09/2020,6.0,0.0,0.23012951
Oceania,03/10/2020,20.0,0.0,0.30948451
Oceania,03/11/2020,12.0,0.0,0.35709751
Oceania,03/12/2020,14.0,0.0,0.40867826
Oceania,03/13/2020,30.0,0.0,0.52771077
Oceania,03/14/2020,42.0,0.0,0.80789568
Oceania,03/15/2020,54.0,0.0,1.05206515
Oceania,03/16/2020,49.0,2.0,1.06732478
Oceania,03/17/2020,77.0,0.0,1.35697054
Oceania,03/18/2020,91.0,0.0,2.05682299
Oceania,03/19/2020,125.0,1.0,2.62085488
Oceania,03/20/2020,165.0,0.0,3.39441484
Oceania,03/21/2020,196.0,1.0,4.32592214
Oceania,03/22/2020,243.0,1.0,5.42193823
Oceania,03/23/2020,662.0,0.0,8.575083
Oceania,03/24/2020,164.0,0.0,9.78433588
Oceania,03/25/2020,655.0,1.0,13.10000709
Oceania,03/26/2020,459.0,3.0,16.04164451
Oceania,03/27/2020,461.0,2.0,18.94680949
Oceania,03/28/2020,292.0,0.0,21.23514218
Oceania,03/29/2020,499.0,2.0,23.97243893
Oceania,03/30/2020,362.0,2.0,26.472893409999998
Oceania,03/31/2020,567.0,3.0,29.952773869999998
Oceania,04/01/2020,164.0,3.0,84.47622274000001
Oceania,04/02/2020,355.0,2.0,89.22592825000001
Oceania,04/03/2020,304.0,2.0,93.59965678
Oceania,04/04/2020,390.0,8.0,93.78809848
Oceania,04/05/2020,194.0,4.0,95.99357748
Oceania,04/06/2020,116.0,2.0,96.60560238
Oceania,04/07/2020,134.0,6.0,93.77282473999999
Oceania,04/08/2020,155.0,4.0,95.72029452000001
Oceania,04/09/2020,130.0,5.0,92.63014843
Oceania,04/10/2020,126.0,3.0,82.93901742
Oceania,04/11/2020,109.0,4.0,81.33883379
Oceania,04/12/2020,68.0,4.0,76.8393865
Oceania,04/13/2020,50.0,5.0,93.55485782
Oceania,04/14/2020,55.0,4.0,84.78493238
Oceania,04/15/2020,59.0,0.0,75.87786186999999
Oceania,04/16/2020,48.0,2.0,68.50698251
Oceania,04/17/2020,47.0,2.0,60.37998511
Oceania,04/18/2020,46.0,4.0,55.68896715
Oceania,04/19/2020,57.0,3.0,50.48329167
Oceania,04/20/2020,33.0,1.0,38.946785840000004
Oceania,04/21/2020,17.0,2.0,37.249307730000005
Oceania,04/22/2020,28.0,4.0,29.159396769999997
Oceania,04/23/2020,9.0,2.0,19.867766319999998
Oceania,04/24/2020,18.0,2.0,19.083522759999997
Oceania,04/25/2020,24.0,5.0,17.75611865
Oceania,04/26/2020,20.0,2.0,15.614936819999999
Oceania,04/27/2020,12.0,3.0,15.11261117
Oceania,04/28/2020,17.0,1.0,15.09988983
Oceania,04/29/2020,16.0,4.0,11.373745620000001
Oceania,04/30/2020,11.0,2.0,11.17612079
Oceania,05/01/2020,20.0,2.0,11.534178110000001
Oceania,05/02/2020,7.0,2.0,8.9401342
Oceania,05/03/2020,20.0,0.0,9.94700622
Oceania,05/04/2020,20.0,2.0,10.38756805
Oceania,05/05/2020,24.0,0.0,9.91897667
Oceania,05/06/2020,27.0,2.0,10.201340919999998
Oceania,05/07/2020,30.0,1.0,12.631841730000001
Oceania,05/08/2020,23.0,0.0,10.870344240000001
Oceania,05/09/2020,19.0,0.0,10.22284803
Oceania,05/10/2020,18.0,0.0,11.92492057
Oceania,05/11/2020,15.0,0.0,11.37692379
Oceania,05/12/2020,11.0,0.0,15.603030659999998
Oceania,05/13/2020,16.0,0.0,14.9753732
Oceania,05/14/2020,11.0,1.0,14.92455512
Oceania,05/15/2020,17.0,0.0,15.4725519
Oceania,05/16/2020,30.0,0.0,15.52993143
Oceania,05/17/2020,20.0,0.0,17.81320809
Oceania,05/18/2020,9.0,0.0,17.15884474
Oceania,05/19/2020,19.0,1.0,17.20676343
Oceania,05/20/2020,8.0,0.0,16.406257959999998
Oceania,05/21/2020,23.0,1.0,21.70555306
Oceania,05/22/2020,3.0,0.0,21.60925869
Oceania,05/23/2020,14.0,1.0,21.572480579999997
Oceania,05/24/2020,12.0,1.0,20.36468735
Oceania,05/25/2020,3.0,0.0,20.26625628
Oceania,05/26/2020,9.0,0.0,14.43288176
Oceania,05/27/2020,18.0,0.0,16.2221535
Oceania,05/28/2020,8.0,1.0,17.39780774
Oceania,05/29/2020,13.0,0.0,17.12091144
Oceania,05/30/2020,23.0,0.0,17.09313719
Oceania,05/31/2020,13.0,0.0,14.154428809999999
Oceania,06/01/2020,12.0,0.0,15.35388955
Oceania,06/02/2020,10.0,0.0,15.60011518
Oceania,06/03/2020,20.0,0.0,18.579172430000003
Oceania,06/04/2020,11.0,0.0,13.18755072
Oceania,06/05/2020,13.0,0.0,16.698062370000002
Oceania,06/06/2020,11.0,0.0,16.68615912
Oceania,06/07/2020,5.0,0.0,17.808492880000003
Oceania,06/08/2020,5.0,0.0,17.81642838
Oceania,06/09/2020,7.0,0.0,20.14615839
Oceania,06/10/2020,5.0,0.0,22.15070773
Oceania,06/11/2020,11.0,0.0,22.16261098
Oceania,06/12/2020,9.0,0.0,21.20326843
Oceania,06/13/2020,8.0,0.0,22.9250884
Oceania,06/14/2020,12.0,0.0,22.32734191
Oceania,06/15/2020,18.0,0.0,21.163590929999998
Oceania,06/16/2020,18.0,0.0,21.47329757
Oceania,06/17/2020,14.0,0.0,19.70560431
Oceania,06/18/2020,28.0,0.0,19.233666149999998
Oceania,06/19/2020,29.0,0.0,20.559606600000002
Oceania,06/20/2020,20.0,0.0,20.62919507
Oceania,06/21/2020,51.0,0.0,32.164835950000004
Oceania,06/22/2020,28.0,0.0,32.29739973
Oceania,06/23/2020,18.0,0.0,31.818594430000005
Oceania,06/24/2020,20.0,0.0,28.651362450000004
Oceania,06/25/2020,38.0,1.0,30.59807283
Oceania,06/26/2020,55.0,1.0,40.30541543
Oceania,06/27/2020,42.0,0.0,39.994819029999995
Oceania,06/28/2020,50.0,0.0,40.21335096
Oceania,06/29/2020,52.0,0.0,43.35102692
Oceania,06/30/2020,85.0,0.0,45.364323690000006
Oceania,07/01/2020,77.0,0.0,50.36452191
Oceania,07/02/2020,101.0,0.0,56.01511573999999
Oceania,07/03/2020,88.0,0.0,56.80554227
Oceania,07/04/2020,256.0,0.0,58.89561008
Oceania,07/05/2020,110.0,0.0,46.083514290000004
Oceania,07/06/2020,100.0,0.0,54.04701047
Oceania,07/07/2020,143.0,2.0,54.07453733
Oceania,07/08/2020,170.0,0.0,54.0759211
Oceania,07/09/2020,142.0,0.0,55.29171402
Oceania,07/10/2020,176.0,0.0,46.87464314
Oceania,07/11/2020,303.0,0.0,47.77888646000001
Oceania,07/12/2020,197.0,1.0,51.79910117000001
Oceania,07/13/2020,249.0,1.0,50.11996291
Oceania,07/14/2020,184.0,0.0,48.15459454000001
Oceania,07/15/2020,278.0,0.0,49.223335410000004
Oceania,07/16/2020,246.0,3.0,42.65637487
Oceania,07/17/2020,317.0,2.0,40.01925654
Oceania,07/18/2020,431.0,3.0,40.16648065
Oceania,07/19/2020,209.0,2.0,40.559287909999995
Oceania,07/20/2020,368.0,4.0,36.31042922
Oceania,07/21/2020,279.0,1.0,42.02917988000001
Oceania,07/22/2020,371.0,3.0,44.75890648
Oceania,07/23/2020,473.0,2.0,43.45178417
Oceania,07/24/2020,417.0,5.0,46.77361438
Oceania,07/25/2020,290.0,6.0,45.52496359
Oceania,07/26/2020,364.0,6.0,46.22262615
Oceania,07/27/2020,485.0,10.0,52.13185307
Oceania,07/28/2020,536.0,6.0,55.30983736
Oceania,07/29/2020,374.0,7.0,50.71059383000001
Oceania,07/30/2020,284.0,10.0,55.53669935
Oceania,07/31/2020,732.0,13.0,56.676888299999995
Oceania,08/01/2020,607.0,8.0,58.55000194000001
Oceania,08/02/2020,402.0,4.0,64.68854734
Oceania,08/03/2020,672.0,8.0,70.75071897999999
Oceania,08/04/2020,403.0,13.0,68.88068831
Oceania,08/05/2020,430.0,11.0,75.53469898
Oceania,08/06/2020,762.0,15.0,80.51141632999999
Oceania,08/07/2020,443.0,9.0,87.75237521
Oceania,08/08/2020,437.0,11.0,89.45734943999999
Oceania,08/09/2020,427.0,12.0,87.91144328
Oceania,08/10/2020,418.0,17.0,85.88654821000002
Oceania,08/11/2020,331.0,18.0,94.53616989
Oceania,08/12/2020,402.0,18.0,127.46543469
Oceania,08/13/2020,493.0,21.0,125.84656485999999
Oceania,08/14/2020,285.0,9.0,143.5744357
Oceania,08/15/2020,434.0,14.0,163.4451618
Oceania,08/16/2020,319.0,4.0,166.22536493
Oceania,08/17/2020,383.0,17.0,192.60787989000002
Oceania,08/18/2020,376.0,25.0,213.61639474999998
Oceania,08/19/2020,216.0,17.0,217.66697850999998
Oceania,08/20/2020,258.0,12.0,218.23705352
Oceania,08/21/2020,361.0,15.0,270.32859558
Oceania,08/22/2020,244.0,10.0,307.35973290999993
Oceania,08/23/2020,251.0,13.0,336.43861372000003
Oceania,08/24/2020,258.0,17.0,332.48059141000005
Oceania,08/25/2020,272.0,15.0,398.96515243
Oceania,08/26/2020,237.0,10.0,410.20278557999995
Oceania,08/27/2020,338.0,24.0,502.84819527
Oceania,08/28/2020,246.0,24.0,548.68122497
Oceania,08/29/2020,292.0,13.0,586.0506281800001
Oceania,08/30/2020,167.0,17.0,612.6195803600001
Oceania,08/31/2020,132.0,11.0,576.98405103
Oceania,09/01/2020,245.0,41.0,617.81085361
Oceania,09/02/2020,179.0,8.0,653.50431945
Oceania,09/03/2020,140.0,6.0,653.6860589199999
Oceania,09/04/2020,249.0,15.0,659.14128451
Oceania,09/05/2020,182.0,60.0,667.7493946899999
Oceania,09/06/2020,159.0,13.0,659.8224721799999
Oceania,09/07/2020,85.0,5.0,658.83806292
Oceania,09/08/2020,119.0,10.0,618.99259086
Oceania,09/09/2020,106.0,12.0,597.6183771499999
Oceania,09/10/2020,226.0,12.0,557.72279621
Oceania,09/11/2020,140.0,9.0,542.85033823
Oceania,09/12/2020,167.0,12.0,526.1698867499999
Oceania,09/13/2020,76.0,9.0,508.52950795999993
Oceania,09/14/2020,46.0,7.0,508.06019338
Oceania,09/15/2020,227.0,8.0,516.23047057
Oceania,09/16/2020,119.0,1.0,492.39476754
Oceania,09/17/2020,118.0,10.0,516.56725234
Oceania,09/18/2020,169.0,10.0,515.92959029
Oceania,09/19/2020,69.0,8.0,474.46264691
Oceania,09/20/2020,168.0,7.0,525.77584696
Oceania,09/21/2020,62.0,6.0,543.94350684
Oceania,09/22/2020,67.0,5.0,527.83310151
Oceania,09/23/2020,78.0,6.0,528.2447704899998
Oceania,09/24/2020,83.0,6.0,497.83081355
Oceania,09/25/2020,12.0,2.0,445.06507086
Oceania,09/26/2020,72.0,12.0,431.24114613999996
Oceania,09/27/2020,86.0,1.0,453.2658062599999
Oceania,09/28/2020,25.0,2.0,454.90200411
Oceania,09/29/2020,376.0,9.0,520.3011859
Oceania,09/30/2020,75.0,8.0,526.11729295
Oceania,10/01/2020,0.0,0.0,493.1296925799999
Oceania,10/02/2020,284.0,8.0,538.3721393699999
Oceania,10/03/2020,192.0,3.0,593.72709517
Oceania,10/04/2020,163.0,5.0,607.03572069
Oceania,10/05/2020,16.0,2.0,588.4766266899999
Oceania,10/06/2020,337.0,4.0,695.80014415
Oceania,10/07/2020,93.0,1.0,708.89842664
Oceania,10/08/2020,73.0,5.0,704.06254311
Oceania,10/09/2020,150.0,0.0,773.5478415800001
Oceania,10/10/2020,484.0,1.0,919.57838022
Oceania,10/11/2020,107.0,2.0,935.60189079
Oceania,10/12/2020,25.0,1.0,933.8951380700001
Oceania,10/13/2020,623.0,1.0,1025.9081149899998
Oceania,10/14/2020,139.0,2.0,1051.7708908800003
Oceania,10/15/2020,426.0,7.0,1212.06751449
Oceania,10/16/2020,178.0,2.0,1177.04345014
Oceania,10/17/2020,366.0,1.0,1286.32867036
Oceania,10/18/2020,86.0,3.0,1229.9479607000003
Oceania,10/19/2020,65.0,0.0,1264.56460834
Oceania,10/20/2020,93.0,1.0,1186.1075879799998
Oceania,10/21/2020,938.0,3.0,1494.4581818099998
Oceania,10/22/2020,162.0,2.0,1543.49908297
Oceania,10/23/2020,608.0,3.0,1701.89940075
Oceania,10/24/2020,812.0,1.0,1825.94323243
Oceania,10/25/2020,92.0,2.0,1814.07907247
Oceania,10/26/2020,35.0,1.0,1821.1789938099998
Oceania,10/27/2020,190.0,3.0,1681.97616524
Oceania,10/28/2020,750.0,7.0,1908.8030211299997
Oceania,10/29/2020,54.0,3.0,1770.2011507400005
Oceania,10/30/2020,788.0,4.0,1966.79012134
Oceania,10/31/2020,235.0,1.0,1923.6787261299999
Oceania,11/01/2020,23.0,0.0,1903.29222853
Oceania,11/02/2020,13.0,0.0,1870.50325876
Oceania,11/03/2020,12.0,0.0,1818.6657765200002
Oceania,11/04/2020,1526.0,11.0,2038.9034112
Oceania,11/05/2020,408.0,2.0,2130.54418584
Oceania,11/06/2020,454.0,3.0,2087.8867232999996
Oceania,11/07/2020,590.0,4.0,2019.30945974
Oceania,11/08/2020,254.0,0.0,2060.6937532999996
Oceania,11/09/2020,132.0,0.0,2128.7902276199998
Oceania,11/10/2020,13.0,2.0,2034.89579522
Oceania,11/11/2020,1122.0,10.0,2249.05155672
Oceania,11/12/2020,404.0,3.0,2391.8653716799995
Oceania,11/13/2020,456.0,1.0,2296.40844144
Oceania,11/14/2020,252.0,1.0,2272.5338733799995
Oceania,11/15/2020,273.0,1.0,2363.8218874799995
Oceania,11/16/2020,172.0,5.0,2458.7134970999996
Oceania,11/17/2020,32.0,0.0,2460.5346531200003
Oceania,11/18/2020,540.0,5.0,2114.2594214
Oceania,11/19/2020,603.0,6.0,2185.2339172999996
Oceania,11/20/2020,81.0,1.0,2041.8570221399998
Oceania,11/21/2020,278.0,2.0,1913.76709402
Oceania,11/22/2020,286.0,4.0,1943.56835333
Oceania,11/23/2020,17.0,0.0,1870.0808471199998
Oceania,11/24/2020,68.0,0.0,1902.08795777
Oceania,11/25/2020,444.0,8.0,1576.8591028299998
Oceania,11/26/2020,257.0,2.0,1494.80496765
Oceania,11/27/2020,344.0,2.0,1435.67323995
Oceania,11/28/2020,144.0,3.0,1387.05397553
Oceania,11/29/2020,224.0,1.0,1359.63109369
Oceania,11/30/2020,66.0,0.0,1288.56655685
Oceania,12/01/2020,49.0,1.0,1307.3964990300003
Oceania,12/02/2020,336.0,2.0,1207.22064034
Oceania,12/03/2020,239.0,1.0,1059.3427642000001
Oceania,12/04/2020,198.0,1.0,1087.41728939
Oceania,12/05/2020,219.0,2.0,1058.27138932
Oceania,12/06/2020,262.0,1.0,1044.1435070300004
Oceania,12/07/2020,13.0,0.0,1047.5984701900002
Oceania,12/08/2020,30.0,0.0,1028.45657366
Oceania,12/09/2020,266.0,7.0,944.67751699
Oceania,12/10/2020,19.0,0.0,869.5110033000001
Oceania,12/11/2020,227.0,7.0,828.76355978
Oceania,12/12/2020,169.0,3.0,825.43489519
Oceania,12/13/2020,17.0,0.0,749.2602794300002
Oceania,12/14/2020,29.0,1.0,733.3945590700001
Other,12/31/2019,0.0,0.0,0.0
Other,01/01/2020,0.0,0.0,0.0
Other,01/02/2020,0.0,0.0,0.0
Other,01/03/2020,0.0,0.0,0.0
Other,01/04/2020,0.0,0.0,0.0
Other,01/05/2020,0.0,0.0,0.0
Other,01/06/2020,0.0,0.0,0.0
Other,01/07/2020,0.0,0.0,0.0
Other,01/08/2020,0.0,0.0,0.0
Other,01/09/2020,0.0,0.0,0.0
Other,01/10/2020,0.0,0.0,0.0
Other,01/11/2020,0.0,0.0,0.0
Other,01/12/2020,0.0,0.0,0.0
Other,01/13/2020,0.0,0.0,0.0
Other,01/14/2020,0.0,0.0,0.0
Other,01/15/2020,0.0,0.0,0.0
Other,01/16/2020,0.0,0.0,0.0
Other,01/17/2020,0.0,0.0,0.0
Other,01/18/2020,0.0,0.0,0.0
Other,01/19/2020,0.0,0.0,0.0
Other,01/20/2020,0.0,0.0,0.0
Other,01/21/2020,0.0,0.0,0.0
Other,01/22/2020,0.0,0.0,0.0
Other,01/23/2020,0.0,0.0,0.0
Other,01/24/2020,0.0,0.0,0.0
Other,01/25/2020,0.0,0.0,0.0
Other,01/26/2020,0.0,0.0,0.0
Other,01/27/2020,0.0,0.0,0.0
Other,01/28/2020,0.0,0.0,0.0
Other,01/29/2020,0.0,0.0,0.0
Other,01/30/2020,0.0,0.0,0.0
Other,01/31/2020,0.0,0.0,0.0
Other,02/01/2020,0.0,0.0,0.0
Other,02/02/2020,0.0,0.0,0.0
Other,02/03/2020,0.0,0.0,0.0
Other,02/04/2020,0.0,0.0,0.0
Other,02/05/2020,10.0,0.0,0.0
Other,02/06/2020,10.0,0.0,0.0
Other,02/07/2020,41.0,0.0,0.0
Other,02/08/2020,3.0,0.0,0.0
Other,02/09/2020,0.0,0.0,0.0
Other,02/10/2020,6.0,0.0,0.0
Other,02/11/2020,65.0,0.0,0.0
Other,02/12/2020,39.0,0.0,0.0
Other,02/13/2020,0.0,0.0,0.0
Other,02/14/2020,47.0,0.0,0.0
Other,02/15/2020,0.0,0.0,0.0
Other,02/16/2020,134.0,0.0,0.0
Other,02/17/2020,0.0,0.0,0.0
Other,02/18/2020,99.0,0.0,0.0
Other,02/19/2020,88.0,0.0,0.0
Other,02/20/2020,79.0,2.0,0.0
Other,02/21/2020,13.0,0.0,0.0
Other,02/22/2020,0.0,0.0,0.0
Other,02/23/2020,0.0,0.0,0.0
Other,02/24/2020,57.0,1.0,0.0
Other,02/25/2020,0.0,0.0,0.0
Other,02/26/2020,0.0,1.0,0.0
Other,02/27/2020,14.0,0.0,0.0
Other,02/28/2020,0.0,0.0,0.0
Other,02/29/2020,0.0,2.0,0.0
Other,03/01/2020,0.0,0.0,0.0
Other,03/02/2020,0.0,0.0,0.0
Other,03/10/2020,-9.0,1.0,0.0
Other,03/03/2020,0.0,0.0,0.0
Other,03/04/2020,0.0,0.0,0.0
Other,03/05/2020,0.0,0.0,0.0
Other,03/06/2020,0.0,0.0,0.0
Other,03/07/2020,0.0,0.0,0.0
Other,03/08/2020,0.0,0.0,0.0
Other,03/09/2020,0.0,0.0,0.0
Other,03/11/2020,0.0,0.0,0.0
Other,03/12/2020,0.0,0.0,0.0
Other,03/13/2020,0.0,0.0,0.0
Other,03/14/2020,0.0,0.0,0.0
Other,03/15/2020,0.0,0.0,0.0
Other,03/16/2020,0.0,0.0,0.0
Other,03/17/2020,0.0,0.0,0.0
Other,03/18/2020,0.0,0.0,0.0
Other,03/19/2020,0.0,0.0,0.0
Other,03/20/2020,0.0,0.0,0.0
Other,03/21/2020,0.0,0.0,0.0
Other,03/22/2020,0.0,0.0,0.0
Other,03/23/2020,0.0,0.0,0.0
Other,03/24/2020,0.0,0.0,0.0
Other,03/25/2020,0.0,0.0,0.0
Other,03/26/2020,0.0,0.0,0.0
Other,03/27/2020,0.0,0.0,0.0
Other,03/28/2020,0.0,0.0,0.0
Other,03/29/2020,0.0,0.0,0.0
Other,03/30/2020,0.0,0.0,0.0
Other,03/31/2020,0.0,0.0,0.0
Other,04/01/2020,0.0,0.0,0.0
Other,04/02/2020,0.0,0.0,0.0
Other,04/03/2020,0.0,0.0,0.0
Other,04/04/2020,0.0,0.0,0.0
Other,04/05/2020,0.0,0.0,0.0
Other,04/06/2020,0.0,0.0,0.0
Other,04/07/2020,0.0,0.0,0.0
Other,04/08/2020,0.0,0.0,0.0
Other,04/09/2020,0.0,0.0,0.0
Other,04/10/2020,0.0,0.0,0.0
Other,04/11/2020,0.0,0.0,0.0
Other,04/12/2020,0.0,0.0,0.0
Other,04/13/2020,0.0,0.0,0.0
Other,04/14/2020,0.0,0.0,0.0
Other,04/15/2020,0.0,0.0,0.0
Other,04/16/2020,0.0,0.0,0.0
Other,04/17/2020,0.0,0.0,0.0
Other,04/18/2020,0.0,0.0,0.0
Other,04/19/2020,0.0,0.0,0.0
Other,04/20/2020,0.0,0.0,0.0
Other,04/21/2020,0.0,0.0,0.0
Other,04/22/2020,0.0,0.0,0.0
Other,04/23/2020,0.0,0.0,0.0
Other,04/24/2020,0.0,0.0,0.0
Other,04/25/2020,0.0,0.0,0.0
Other,04/26/2020,0.0,0.0,0.0
Other,04/27/2020,0.0,0.0,0.0
Other,04/28/2020,0.0,0.0,0.0
Other,04/29/2020,0.0,0.0,0.0
Other,04/30/2020,0.0,0.0,0.0
Other,05/01/2020,0.0,0.0,0.0
Other,05/02/2020,0.0,0.0,0.0
Other,05/03/2020,0.0,0.0,0.0
Other,05/04/2020,0.0,0.0,0.0
Other,05/05/2020,0.0,0.0,0.0
Other,05/06/2020,0.0,0.0,0.0
Other,05/07/2020,0.0,0.0,0.0
Other,05/08/2020,0.0,0.0,0.0
Other,05/09/2020,0.0,0.0,0.0
Other,05/10/2020,0.0,0.0,0.0
Other,05/11/2020,0.0,0.0,0.0
Other,05/12/2020,0.0,0.0,0.0
Other,05/13/2020,0.0,0.0,0.0
Other,05/14/2020,0.0,0.0,0.0
Other,05/15/2020,0.0,0.0,0.0
Other,05/16/2020,0.0,0.0,0.0
Other,05/17/2020,0.0,0.0,0.0
Other,05/18/2020,0.0,0.0,0.0
Other,05/19/2020,0.0,0.0,0.0
Other,05/20/2020,0.0,0.0,0.0
Other,05/21/2020,0.0,0.0,0.0
Other,05/22/2020,0.0,0.0,0.0
Other,05/23/2020,0.0,0.0,0.0
Other,05/24/2020,0.0,0.0,0.0
Other,05/25/2020,0.0,0.0,0.0
Other,05/26/2020,0.0,0.0,0.0
Other,05/27/2020,0.0,0.0,0.0
Other,05/28/2020,0.0,0.0,0.0
Other,05/29/2020,0.0,0.0,0.0
Other,05/30/2020,0.0,0.0,0.0
Other,05/31/2020,0.0,0.0,0.0
Other,06/01/2020,0.0,0.0,0.0
Other,06/02/2020,0.0,0.0,0.0
Other,06/03/2020,0.0,0.0,0.0
Other,06/04/2020,0.0,0.0,0.0
Other,06/05/2020,0.0,0.0,0.0
Other,06/06/2020,0.0,0.0,0.0
Other,06/07/2020,0.0,0.0,0.0
Other,06/08/2020,0.0,0.0,0.0
Other,06/09/2020,0.0,0.0,0.0
Other,06/10/2020,0.0,0.0,0.0
Other,06/11/2020,0.0,0.0,0.0
Other,06/12/2020,0.0,0.0,0.0
Other,06/13/2020,0.0,0.0,0.0
Other,06/14/2020,0.0,0.0,0.0
Other,06/15/2020,0.0,0.0,0.0
Other,06/16/2020,0.0,0.0,0.0
Other,06/17/2020,0.0,0.0,0.0
Other,06/18/2020,0.0,0.0,0.0
Other,06/19/2020,0.0,0.0,0.0
Other,06/20/2020,0.0,0.0,0.0
Other,06/21/2020,0.0,0.0,0.0
Other,06/22/2020,0.0,0.0,0.0
Other,06/23/2020,0.0,0.0,0.0
Other,06/24/2020,0.0,0.0,0.0
Other,06/25/2020,0.0,0.0,0.0
Other,06/26/2020,0.0,0.0,0.0
Other,06/27/2020,0.0,0.0,0.0
Other,06/28/2020,0.0,0.0,0.0
Other,06/29/2020,0.0,0.0,0.0
Other,06/30/2020,0.0,0.0,0.0
Other,07/01/2020,0.0,0.0,0.0
Other,07/02/2020,0.0,0.0,0.0
Other,07/03/2020,0.0,0.0,0.0
Other,07/04/2020,0.0,0.0,0.0
Other,07/05/2020,0.0,0.0,0.0
Other,07/06/2020,0.0,0.0,0.0
Other,07/07/2020,0.0,0.0,0.0
Other,07/08/2020,0.0,0.0,0.0
Other,07/09/2020,0.0,0.0,0.0
Other,07/10/2020,0.0,0.0,0.0
Other,07/11/2020,0.0,0.0,0.0
Other,07/12/2020,0.0,0.0,0.0
Other,07/13/2020,0.0,0.0,0.0
Other,07/14/2020,0.0,0.0,0.0
Other,07/15/2020,0.0,0.0,0.0
Other,07/16/2020,0.0,0.0,0.0
Other,07/17/2020,0.0,0.0,0.0
Other,07/18/2020,0.0,0.0,0.0
Other,07/19/2020,0.0,0.0,0.0
Other,07/20/2020,0.0,0.0,0.0
Other,07/21/2020,0.0,0.0,0.0
Other,07/22/2020,0.0,0.0,0.0
Other,07/23/2020,0.0,0.0,0.0
Other,07/24/2020,0.0,0.0,0.0
Other,07/25/2020,0.0,0.0,0.0
Other,07/26/2020,0.0,0.0,0.0
Other,07/27/2020,0.0,0.0,0.0
Other,07/28/2020,0.0,0.0,0.0
Other,07/29/2020,0.0,0.0,0.0
Other,07/30/2020,0.0,0.0,0.0
Other,07/31/2020,0.0,0.0,0.0
Other,08/01/2020,0.0,0.0,0.0
Other,08/02/2020,0.0,0.0,0.0
Other,08/03/2020,0.0,0.0,0.0
Other,08/04/2020,0.0,0.0,0.0
Other,08/05/2020,0.0,0.0,0.0
Other,08/06/2020,0.0,0.0,0.0
Other,08/07/2020,0.0,0.0,0.0
Other,08/08/2020,0.0,0.0,0.0
Other,08/09/2020,0.0,0.0,0.0
Other,08/10/2020,0.0,0.0,0.0
Other,08/11/2020,0.0,0.0,0.0
Other,08/12/2020,0.0,0.0,0.0
Other,08/13/2020,0.0,0.0,0.0
Other,08/14/2020,0.0,0.0,0.0
Other,08/15/2020,0.0,0.0,0.0
Other,08/16/2020,0.0,0.0,0.0
Other,08/17/2020,0.0,0.0,0.0
Other,08/18/2020,0.0,0.0,0.0
Other,08/19/2020,0.0,0.0,0.0
Other,08/20/2020,0.0,0.0,0.0
Other,08/21/2020,0.0,0.0,0.0
Other,08/22/2020,0.0,0.0,0.0
Other,08/23/2020,0.0,0.0,0.0
Other,08/24/2020,0.0,0.0,0.0
Other,08/25/2020,0.0,0.0,0.0
Other,08/26/2020,0.0,0.0,0.0
Other,08/27/2020,0.0,0.0,0.0
Other,08/28/2020,0.0,0.0,0.0
Other,08/29/2020,0.0,0.0,0.0
Other,08/30/2020,0.0,0.0,0.0
Other,08/31/2020,0.0,0.0,0.0
Other,09/01/2020,0.0,0.0,0.0
Other,09/02/2020,0.0,0.0,0.0
Other,09/03/2020,0.0,0.0,0.0
Other,09/04/2020,0.0,0.0,0.0
Other,09/05/2020,0.0,0.0,0.0
Other,09/06/2020,0.0,0.0,0.0
Other,09/07/2020,0.0,0.0,0.0
Other,09/08/2020,0.0,0.0,0.0
Other,09/09/2020,0.0,0.0,0.0
Other,09/10/2020,0.0,0.0,0.0
Other,09/11/2020,0.0,0.0,0.0
Other,09/12/2020,0.0,0.0,0.0
Other,09/13/2020,0.0,0.0,0.0
Other,09/14/2020,0.0,0.0,0.0
Other,09/15/2020,0.0,0.0,0.0
Other,09/16/2020,0.0,0.0,0.0
Other,09/17/2020,0.0,0.0,0.0
Other,09/18/2020,0.0,0.0,0.0
Other,09/19/2020,0.0,0.0,0.0
Other,09/20/2020,0.0,0.0,0.0
Other,09/21/2020,0.0,0.0,0.0
Other,09/22/2020,0.0,0.0,0.0
Other,09/23/2020,0.0,0.0,0.0
Other,09/24/2020,0.0,0.0,0.0
Other,09/25/2020,0.0,0.0,0.0
Other,09/26/2020,0.0,0.0,0.0
Other,09/27/2020,0.0,0.0,0.0
Other,09/28/2020,0.0,0.0,0.0
Other,09/29/2020,0.0,0.0,0.0
Other,09/30/2020,0.0,0.0,0.0
Other,10/01/2020,0.0,0.0,0.0
Other,10/02/2020,0.0,0.0,0.0
Other,10/03/2020,0.0,0.0,0.0
Other,10/04/2020,0.0,0.0,0.0
Other,10/05/2020,0.0,0.0,0.0
Other,10/06/2020,0.0,0.0,0.0
Other,10/07/2020,0.0,0.0,0.0
Other,10/08/2020,0.0,0.0,0.0
Other,10/09/2020,0.0,0.0,0.0
Other,10/10/2020,0.0,0.0,0.0
Other,10/11/2020,0.0,0.0,0.0
Other,10/12/2020,0.0,0.0,0.0
Other,10/13/2020,0.0,0.0,0.0
Other,10/14/2020,0.0,0.0,0.0
Other,10/15/2020,0.0,0.0,0.0
Other,10/16/2020,0.0,0.0,0.0
Other,10/17/2020,0.0,0.0,0.0
Other,10/18/2020,0.0,0.0,0.0
Other,10/19/2020,0.0,0.0,0.0
Other,10/20/2020,0.0,0.0,0.0
Other,10/21/2020,0.0,0.0,0.0
Other,10/22/2020,0.0,0.0,0.0
Other,10/23/2020,0.0,0.0,0.0
Other,10/24/2020,0.0,0.0,0.0
Other,10/25/2020,0.0,0.0,0.0
Other,10/26/2020,0.0,0.0,0.0
Other,10/27/2020,0.0,0.0,0.0
Other,10/28/2020,0.0,0.0,0.0
Other,10/29/2020,0.0,0.0,0.0
Other,10/30/2020,0.0,0.0,0.0
Other,10/31/2020,0.0,0.0,0.0
Other,11/01/2020,0.0,0.0,0.0
Other,11/02/2020,0.0,0.0,0.0
Other,11/03/2020,0.0,0.0,0.0
Other,11/04/2020,0.0,0.0,0.0
Other,11/05/2020,0.0,0.0,0.0
Other,11/06/2020,0.0,0.0,0.0
Other,11/07/2020,0.0,0.0,0.0
Other,11/08/2020,0.0,0.0,0.0
Other,11/09/2020,0.0,0.0,0.0
Other,11/10/2020,0.0,0.0,0.0
Other,11/11/2020,0.0,0.0,0.0
Other,11/12/2020,0.0,0.0,0.0
Other,11/13/2020,0.0,0.0,0.0
Other,11/14/2020,0.0,0.0,0.0
Other,11/15/2020,0.0,0.0,0.0
Other,11/16/2020,0.0,0.0,0.0
Other,11/17/2020,0.0,0.0,0.0
Other,11/18/2020,0.0,0.0,0.0
Other,11/19/2020,0.0,0.0,0.0
Other,11/20/2020,0.0,0.0,0.0
Other,11/21/2020,0.0,0.0,0.0
Other,11/22/2020,0.0,0.0,0.0
Other,11/23/2020,0.0,0.0,0.0
Other,11/24/2020,0.0,0.0,0.0
Other,11/25/2020,0.0,0.0,0.0
Other,11/26/2020,0.0,0.0,0.0
Other,11/27/2020,0.0,0.0,0.0
Other,11/28/2020,0.0,0.0,0.0
Other,11/29/2020,0.0,0.0,0.0
Other,11/30/2020,0.0,0.0,0.0
Other,12/01/2020,0.0,0.0,0.0
Other,12/02/2020,0.0,0.0,0.0
Other,12/03/2020,0.0,0.0,0.0
Other,12/04/2020,0.0,0.0,0.0
Other,12/05/2020,0.0,0.0,0.0
Other,12/06/2020,0.0,0.0,0.0
Other,12/07/2020,0.0,0.0,0.0
Other,12/08/2020,0.0,0.0,0.0
Other,12/09/2020,0.0,0.0,0.0
Other,12/10/2020,0.0,0.0,0.0
Other,12/11/2020,0.0,0.0,0.0
Other,12/12/2020,0.0,0.0,0.0
Other,12/13/2020,0.0,0.0,0.0
Other,12/14/2020,0.0,0.0,0.0
